time,liq_long_usd,liq_short_usd
2026-04-02 09:00:00,1592.76,5.87
2026-04-02 10:00:00,1871.80,20.84
2026-04-02 11:00:00,27.12,0.00
2026-04-02 12:00:00,52.17,0.00
2026-04-02 15:00:00,0.00,69.26
2026-04-02 17:00:00,11.11,0.00
2026-04-02 19:00:00,15.41,0.00
2026-04-02 20:00:00,124.45,0.00
2026-04-02 21:00:00,0.00,23.42
2026-04-02 23:00:00,0.00,96.76
2026-04-03 01:00:00,0.00,112.94
2026-04-03 02:00:00,383.38,0.00
2026-04-03 05:00:00,464.24,0.00
2026-04-03 12:00:00,45.05,0.00
2026-04-03 13:00:00,725.00,0.00
2026-04-03 14:00:00,49.48,0.00
2026-04-03 15:00:00,89.55,0.00
2026-04-03 16:00:00,192.31,0.00
2026-04-03 17:00:00,723.11,0.00
2026-04-03 18:00:00,5.98,0.00
2026-04-03 21:00:00,319.14,0.00
2026-04-03 23:00:00,1144.73,0.00
2026-04-04 00:00:00,305.41,0.00
2026-04-04 02:00:00,194.27,48.51
2026-04-04 03:00:00,30.07,0.00
2026-04-04 04:00:00,96.37,0.00
2026-04-04 05:00:00,0.00,147.81
2026-04-04 15:00:00,0.00,13.87
2026-04-04 17:00:00,11.03,0.00
2026-04-04 23:00:00,4.51,0.00
2026-04-05 13:00:00,120.15,0.00
2026-04-05 17:00:00,338.13,146.18
2026-04-05 18:00:00,395.01,0.00
2026-04-05 19:00:00,0.16,0.00
2026-04-06 00:00:00,2.27,162.28
2026-04-06 02:00:00,0.00,58.50
2026-04-06 03:00:00,0.00,106.61
2026-04-06 04:00:00,0.00,220.72
2026-04-06 05:00:00,795.45,0.00
2026-04-06 07:00:00,19.87,0.00
2026-04-06 09:00:00,15.30,1005.27
2026-04-06 10:00:00,0.31,5.88
2026-04-06 11:00:00,906.31,9.69
2026-04-06 12:00:00,437.65,0.00
2026-04-06 14:00:00,0.00,61.32
2026-04-06 15:00:00,12.75,0.00
2026-04-06 16:00:00,1826.78,0.00
2026-04-06 18:00:00,11.60,0.00
2026-04-06 19:00:00,172.84,0.00
2026-04-06 23:00:00,81.46,0.00
2026-04-07 00:00:00,159.58,0.00
2026-04-07 02:00:00,252.73,0.00
2026-04-07 03:00:00,143.79,23.89
2026-04-07 04:00:00,6.18,0.00
2026-04-07 06:00:00,8.75,0.00
2026-04-07 07:00:00,9.99,0.00
2026-04-07 12:00:00,0.30,0.00
2026-04-07 16:00:00,10.22,0.00
2026-04-07 22:00:00,0.00,116.27
2026-04-08 00:00:00,3188.80,2135.34
2026-04-08 06:00:00,0.00,0.02
2026-04-08 14:00:00,9.49,0.00
2026-04-08 15:00:00,7.38,0.00
2026-04-08 16:00:00,9.93,0.00
2026-04-08 17:00:00,8.96,0.00
2026-04-08 19:00:00,38.28,0.00
2026-04-09 01:00:00,113.82,0.00
2026-04-09 04:00:00,0.00,12.10
2026-04-09 09:00:00,1.02,0.00
2026-04-09 11:00:00,311.46,0.00
2026-04-09 13:00:00,0.00,28.17
2026-04-09 14:00:00,6.40,24.23
2026-04-09 16:00:00,0.00,31.56
2026-04-09 19:00:00,147.78,0.00
2026-04-09 20:00:00,1566.67,0.00
2026-04-09 22:00:00,2636.52,0.00
2026-04-09 23:00:00,26.85,0.10
2026-04-10 00:00:00,14617.36,0.00
2026-04-10 01:00:00,31240.32,0.00
2026-04-10 02:00:00,16.23,5.47
2026-04-10 07:00:00,197.25,0.00
2026-04-10 08:00:00,0.00,7.20
2026-04-10 11:00:00,507.45,23.30
2026-04-10 13:00:00,45.40,0.00
2026-04-10 18:00:00,5226.43,0.00
2026-04-10 19:00:00,18.44,0.00
2026-04-10 20:00:00,3348.51,0.00
2026-04-11 01:00:00,61.66,0.00
2026-04-11 02:00:00,270.68,4.01
2026-04-11 03:00:00,103.59,0.00
2026-04-11 07:00:00,22.80,0.00
2026-04-11 08:00:00,9.34,0.00
2026-04-11 10:00:00,79.75,0.00
2026-04-11 13:00:00,19.40,0.00
2026-04-11 14:00:00,9.60,0.00
2026-04-11 16:00:00,187.87,0.00
2026-04-11 17:00:00,10.99,0.00
2026-04-11 18:00:00,23.96,0.00
2026-04-11 20:00:00,32.61,0.00
2026-04-11 21:00:00,186.02,0.00
2026-04-11 23:00:00,46.95,0.00
2026-04-12 02:00:00,5378.57,5.80
2026-04-12 05:00:00,1.22,0.00
2026-04-12 07:00:00,251.98,0.00
2026-04-12 13:00:00,1.11,333.49
2026-04-12 16:00:00,485.82,0.00
2026-04-12 17:00:00,3219.33,0.00
2026-04-12 18:00:00,236.08,0.00
2026-04-12 19:00:00,798.01,0.00
2026-04-12 21:00:00,378.92,0.00
2026-04-12 22:00:00,77.25,0.00
2026-04-12 23:00:00,407.63,0.00
2026-04-13 00:00:00,5.54,0.00
2026-04-13 01:00:00,510.29,0.00
2026-04-13 02:00:00,0.00,33.65
2026-04-13 04:00:00,100.09,51.75
2026-04-13 05:00:00,5.47,0.00
2026-04-13 07:00:00,181.69,4.12
2026-04-13 08:00:00,354.76,39.54
2026-04-13 10:00:00,54.91,0.00
2026-04-13 11:00:00,7.46,0.00
2026-04-13 13:00:00,86.70,6.08
2026-04-13 14:00:00,146.18,0.00
2026-04-13 16:00:00,1109.79,0.00
2026-04-13 17:00:00,7589.82,23.64
2026-04-13 19:00:00,312.89,0.00
2026-04-13 20:00:00,0.00,40.39
2026-04-13 21:00:00,2740.74,30.15
2026-04-13 22:00:00,612.37,0.00
2026-04-14 00:00:00,330.72,0.00
2026-04-14 01:00:00,0.02,21.38
2026-04-14 02:00:00,0.00,69.53
2026-04-14 06:00:00,0.00,42.55
2026-04-14 07:00:00,497.43,692.70
2026-04-14 08:00:00,583.77,0.00
2026-04-14 09:00:00,27.09,0.00
2026-04-14 10:00:00,265.84,14.16
2026-04-14 11:00:00,69.78,0.00
2026-04-14 12:00:00,29.77,0.58
2026-04-14 14:00:00,41.11,0.00
2026-04-14 17:00:00,89.88,0.00
2026-04-14 18:00:00,4585.23,0.00
2026-04-15 01:00:00,3837.20,0.00
2026-04-15 02:00:00,0.00,5.74
2026-04-15 06:00:00,603.73,0.00
2026-04-15 08:00:00,587.32,0.00
2026-04-15 09:00:00,187.91,0.00
2026-04-15 10:00:00,5035.46,0.00
2026-04-15 11:00:00,516.04,0.00
2026-04-15 14:00:00,1711.13,0.00
2026-04-15 16:00:00,40.98,0.00
2026-04-15 17:00:00,378.37,0.00
2026-04-15 19:00:00,94.00,0.00
2026-04-15 22:00:00,0.00,44.16
2026-04-16 03:00:00,28.84,99.62
2026-04-16 05:00:00,0.00,29.34
2026-04-16 06:00:00,1364.56,0.00
2026-04-16 07:00:00,0.00,114.88
2026-04-16 09:00:00,279.75,0.00
2026-04-16 13:00:00,0.00,5.14
2026-04-16 14:00:00,1603.17,0.00
2026-04-16 15:00:00,3151.25,0.00
2026-04-16 16:00:00,0.00,301.11
2026-04-16 20:00:00,498.16,0.00
2026-04-17 02:00:00,10.48,0.00
2026-04-17 06:00:00,24.91,0.00
2026-04-17 08:00:00,209.86,0.00
2026-04-17 09:00:00,149.56,0.00
2026-04-17 14:00:00,392.40,0.00
2026-04-17 16:00:00,6.88,0.00
2026-04-17 17:00:00,64.04,102.57
2026-04-18 01:00:00,8319.64,20.40
2026-04-18 02:00:00,2321.24,0.00
2026-04-18 05:00:00,0.00,6.81
2026-04-18 06:00:00,13200.30,12580.87
2026-04-18 07:00:00,8573.07,451.97
2026-04-18 08:00:00,16559.41,9416.82
2026-04-18 09:00:00,10701.31,0.00
2026-04-18 10:00:00,5310.33,0.00
2026-04-18 11:00:00,0.00,72.53
2026-04-18 12:00:00,5574.12,5.52
2026-04-18 13:00:00,3891.78,9.50
2026-04-18 15:00:00,4861.27,0.00
2026-04-18 16:00:00,1700.94,0.00
2026-04-18 17:00:00,35.55,0.00
2026-04-18 18:00:00,543.62,0.00
2026-04-18 19:00:00,6996.11,0.00
2026-04-18 20:00:00,91.80,0.00
2026-04-18 21:00:00,5617.74,6.33
2026-04-18 22:00:00,18.12,0.00
2026-04-19 01:00:00,10255.69,0.00
2026-04-19 02:00:00,6906.83,0.00
2026-04-19 03:00:00,2619.64,0.00
2026-04-19 04:00:00,3344.81,0.00
2026-04-19 05:00:00,1265.93,0.00
2026-04-19 07:00:00,4628.06,1028.24
2026-04-19 08:00:00,3.52,15.44
2026-04-19 09:00:00,970.74,0.00
2026-04-19 10:00:00,71.94,0.00
2026-04-19 16:00:00,290.00,0.00
2026-04-19 19:00:00,332.75,0.00
2026-04-19 21:00:00,12949.62,0.00
2026-04-19 22:00:00,4.75,0.00
2026-04-19 23:00:00,2207.63,0.00
2026-04-20 02:00:00,0.00,7.29
2026-04-20 04:00:00,718.17,0.00
2026-04-20 05:00:00,19.91,0.00
2026-04-20 06:00:00,52.44,0.00
2026-04-20 07:00:00,262.65,0.00
2026-04-20 08:00:00,6577.80,0.00
2026-04-20 09:00:00,6767.78,0.00
2026-04-20 12:00:00,5.35,0.00
2026-04-20 20:00:00,4392.66,0.00
2026-04-21 04:00:00,0.00,135.63
2026-04-21 09:00:00,402.79,0.00
2026-04-21 18:00:00,235.34,0.00
2026-04-21 19:00:00,16.71,0.02
2026-04-21 21:00:00,935.45,735.64
2026-04-21 23:00:00,55.73,0.00
2026-04-22 12:00:00,32.87,0.00
2026-04-22 15:00:00,1008.83,0.00
2026-04-22 23:00:00,10.31,0.00
2026-04-23 00:00:00,315.24,0.00
2026-04-23 01:00:00,4.55,0.00
2026-04-23 03:00:00,1394.96,0.00
2026-04-23 04:00:00,180.64,0.00
2026-04-23 09:00:00,490.13,0.00
2026-04-24 14:00:00,450.99,32.91
2026-04-24 15:00:00,358.22,0.00
2026-04-24 17:00:00,449.95,0.00
2026-04-24 18:00:00,9.53,0.00
2026-04-24 19:00:00,5676.99,0.00
2026-04-24 21:00:00,143.41,0.00
2026-04-24 23:00:00,8820.02,0.00
2026-04-25 02:00:00,6.33,199.41
2026-04-25 05:00:00,1105.97,0.00
2026-04-25 06:00:00,0.00,0.02
2026-04-25 12:00:00,198.72,0.00
2026-04-25 13:00:00,147.39,0.00
2026-04-25 16:00:00,757.96,0.00
2026-04-25 17:00:00,99.13,0.00
2026-04-26 08:00:00,107.64,0.00
2026-04-27 07:00:00,113.04,0.00
2026-04-27 09:00:00,55.88,0.00
2026-04-27 14:00:00,866.79,0.00
2026-04-27 16:00:00,465.18,0.00
2026-04-28 14:00:00,345.73,0.00
2026-04-28 17:00:00,0.00,6.09
2026-04-28 18:00:00,0.00,2812.02
2026-04-29 13:00:00,0.00,42.92
2026-04-29 15:00:00,9.65,0.00
2026-04-29 16:00:00,11525.96,0.00
2026-04-29 17:00:00,982.37,0.00
2026-04-29 18:00:00,99.90,0.00
2026-04-29 19:00:00,8065.99,18.93
2026-04-30 01:00:00,0.00,166.24
2026-04-30 02:00:00,2461.93,0.00
2026-04-30 03:00:00,9401.30,0.00
2026-04-30 07:00:00,327.26,0.00
2026-04-30 08:00:00,91.06,0.00
2026-04-30 19:00:00,73.24,0.00
2026-04-30 23:00:00,115.81,0.00
2026-05-01 00:00:00,3693.69,0.00
2026-05-01 08:00:00,49.29,0.00
2026-05-01 10:00:00,4.34,0.00
2026-05-01 11:00:00,26.97,0.00
2026-05-02 00:00:00,383.50,0.00
2026-05-02 06:00:00,154.25,20.68
2026-05-02 07:00:00,3.55,0.00
2026-05-02 08:00:00,12.16,0.00
2026-05-02 11:00:00,396.35,0.00
2026-05-02 13:00:00,11.58,1161.06
2026-05-02 15:00:00,17.93,0.00
2026-05-02 16:00:00,289.26,137.32
2026-05-02 17:00:00,4.80,597.87
2026-05-02 18:00:00,72.20,0.00
2026-05-02 19:00:00,0.00,13.38
2026-05-02 20:00:00,229.58,0.00
2026-05-02 22:00:00,2055.97,3682.74
2026-05-02 23:00:00,8.23,209.92
2026-05-03 00:00:00,0.00,9.77
2026-05-03 01:00:00,5579.43,4010.49
2026-05-03 02:00:00,32946.44,541.30
2026-05-03 03:00:00,14935.47,0.00
2026-05-03 04:00:00,779.10,0.00
2026-05-03 06:00:00,342.49,670.50
2026-05-03 07:00:00,223.29,101.11
2026-05-03 08:00:00,40.14,175.04
2026-05-03 09:00:00,0.00,77.90
2026-05-03 10:00:00,284.00,2346.11
2026-05-03 11:00:00,26936.43,0.00
2026-05-03 12:00:00,0.00,2643.52
2026-05-03 13:00:00,207.59,2652.38
2026-05-03 14:00:00,120.46,2615.24
2026-05-03 15:00:00,763.41,1304.09
2026-05-03 16:00:00,18261.13,0.00
2026-05-03 17:00:00,1010.19,184.57
2026-05-03 18:00:00,8835.65,0.55
2026-05-03 19:00:00,7160.64,0.00
2026-05-03 20:00:00,1827.55,152.84
2026-05-03 22:00:00,4585.99,219.74
2026-05-03 23:00:00,0.00,12128.73
2026-05-04 01:00:00,881.06,0.00
2026-05-04 03:00:00,0.00,7.82
2026-05-04 04:00:00,209.12,1630.30
2026-05-04 05:00:00,0.00,0.02
2026-05-04 06:00:00,7.25,0.00
2026-05-04 08:00:00,371.33,0.00
2026-05-04 09:00:00,628.35,0.00
2026-05-04 10:00:00,83.61,0.00
2026-05-04 11:00:00,4651.33,0.00
2026-05-04 13:00:00,47.28,0.00
2026-05-04 14:00:00,27.09,31.30
2026-05-04 17:00:00,0.00,216.13
2026-05-04 18:00:00,142.01,1926.54
2026-05-04 19:00:00,162.40,0.00
2026-05-04 20:00:00,54.76,0.97
2026-05-04 22:00:00,0.00,12.03
2026-05-04 23:00:00,0.00,1666.99
2026-05-05 01:00:00,3774.02,1859.21
2026-05-05 02:00:00,18.13,181.07
2026-05-05 03:00:00,24.85,0.00
2026-05-05 04:00:00,12.98,0.00
2026-05-05 05:00:00,72.14,778.49
2026-05-05 06:00:00,0.00,1036.39
2026-05-05 08:00:00,0.00,1922.72
2026-05-05 09:00:00,47.08,466.94
2026-05-05 10:00:00,247.71,104.51
2026-05-05 11:00:00,3956.65,0.00
2026-05-05 12:00:00,4905.34,14.56
2026-05-05 13:00:00,0.00,412.65
2026-05-05 14:00:00,0.00,1629.98
2026-05-05 15:00:00,100.75,437.41
2026-05-05 16:00:00,93.45,20295.44
2026-05-05 17:00:00,5455.85,29609.93
2026-05-05 18:00:00,24.96,62313.50
2026-05-05 19:00:00,114.41,25897.98
2026-05-05 20:00:00,12.48,70388.97
2026-05-05 21:00:00,15.39,67469.46
2026-05-05 22:00:00,66067.70,54788.43
2026-05-05 23:00:00,48736.55,23158.00
2026-05-06 00:00:00,6781.35,7800.78
2026-05-06 01:00:00,170.13,16389.83
2026-05-06 02:00:00,4578.64,0.00
2026-05-06 03:00:00,76159.57,8806.93
2026-05-06 04:00:00,4926.37,6667.69
2026-05-06 05:00:00,2969.60,120.09
2026-05-06 06:00:00,1354.61,768.07
2026-05-06 07:00:00,1940.47,1600.35
2026-05-06 08:00:00,2583.50,3723.64
2026-05-06 09:00:00,34.75,12043.83
2026-05-06 10:00:00,28047.25,20951.23
2026-05-06 11:00:00,0.00,474.31
2026-05-06 12:00:00,474.13,34816.26
2026-05-06 13:00:00,8702.47,22941.88
2026-05-06 14:00:00,71313.07,270.04
2026-05-06 15:00:00,37734.54,9750.57
2026-05-06 16:00:00,1798.21,3376.75
2026-05-06 17:00:00,4.69,7348.01
2026-05-06 18:00:00,137.52,12442.58
2026-05-06 19:00:00,775.25,2728.87
2026-05-06 20:00:00,12649.59,213.41
2026-05-06 21:00:00,0.00,465.58
2026-05-06 22:00:00,747.40,203.65
2026-05-06 23:00:00,14.34,0.00
2026-05-07 00:00:00,1051.97,1213.98
2026-05-07 01:00:00,1166.82,4207.60
2026-05-07 02:00:00,35.12,78539.66
2026-05-07 03:00:00,9980.96,12607.29
2026-05-07 04:00:00,10017.18,23196.85
2026-05-07 05:00:00,6172.28,4222.72
2026-05-07 06:00:00,11342.14,173.04
2026-05-07 07:00:00,15187.09,5363.98
2026-05-07 08:00:00,691.71,674.65
2026-05-07 09:00:00,182.30,676.11
2026-05-07 10:00:00,1787.65,1911.45
2026-05-07 11:00:00,1272.09,1160.17
2026-05-07 12:00:00,5080.54,10.54
2026-05-07 13:00:00,10127.65,1010.71
2026-05-07 14:00:00,8939.03,126.52
2026-05-07 15:00:00,48957.93,4.09
2026-05-07 16:00:00,32018.05,82.18
2026-05-07 17:00:00,246.77,2894.03
2026-05-07 18:00:00,9.71,41.97
2026-05-07 19:00:00,6.89,649.60
2026-05-07 20:00:00,27.09,0.00
2026-05-07 21:00:00,16039.20,0.00
2026-05-07 22:00:00,1661.87,604.89
2026-05-07 23:00:00,0.00,2164.95
2026-05-08 01:00:00,4347.97,46.37
2026-05-08 02:00:00,2264.40,0.00
2026-05-08 03:00:00,12.04,522.29
2026-05-08 05:00:00,34.66,493.76
2026-05-08 06:00:00,0.00,2794.77
2026-05-08 07:00:00,220.20,0.00
2026-05-08 10:00:00,43.46,30.83
2026-05-08 11:00:00,6780.26,0.00
2026-05-08 12:00:00,0.00,10320.80
2026-05-08 13:00:00,834.58,0.00
2026-05-08 14:00:00,283.25,0.00
2026-05-08 15:00:00,3617.01,0.00
2026-05-08 16:00:00,1656.55,0.00
2026-05-08 17:00:00,27.80,0.00
2026-05-08 18:00:00,0.00,30.15
2026-05-08 19:00:00,273.85,99.77
2026-05-08 21:00:00,0.00,220.12
2026-05-08 22:00:00,0.00,18.13
2026-05-08 23:00:00,1162.50,0.00
2026-05-09 01:00:00,0.00,180.06
2026-05-09 02:00:00,7109.75,770.10
2026-05-09 04:00:00,10061.64,79.23
2026-05-09 05:00:00,0.00,11.58
2026-05-09 07:00:00,14742.15,9.61
2026-05-09 08:00:00,19002.70,0.00
2026-05-09 10:00:00,6794.19,0.00
2026-05-09 12:00:00,626.78,2376.14
2026-05-09 15:00:00,562.82,987.78
2026-05-09 17:00:00,955.01,0.00
2026-05-09 19:00:00,0.00,87.04
2026-05-09 21:00:00,114.00,89.51
2026-05-09 23:00:00,0.00,10023.83
2026-05-10 00:00:00,0.00,893.06
2026-05-10 01:00:00,1186.94,28.30
2026-05-10 03:00:00,220.12,0.00
2026-05-10 05:00:00,0.00,10.51
2026-05-10 09:00:00,0.00,441.87
2026-05-10 10:00:00,0.00,1311.95
2026-05-10 11:00:00,285.44,0.00
2026-05-10 12:00:00,78.49,0.00
2026-05-10 13:00:00,0.00,74.52
2026-05-10 14:00:00,128.45,0.00
2026-05-10 16:00:00,0.00,31.13
2026-05-10 17:00:00,0.00,43.18
2026-05-10 18:00:00,1954.06,2464.75
2026-05-10 19:00:00,2276.61,0.00
2026-05-10 21:00:00,18448.18,0.00
2026-05-10 23:00:00,5.98,49.14
2026-05-11 00:00:00,0.00,11.54
2026-05-11 01:00:00,1204.13,0.00
2026-05-11 02:00:00,66.29,0.00
2026-05-11 04:00:00,1927.82,0.00
2026-05-11 07:00:00,380.78,0.00
2026-05-11 08:00:00,778.04,0.00
2026-05-11 09:00:00,2558.25,0.00
2026-05-11 10:00:00,7324.70,0.00
2026-05-11 11:00:00,742.09,0.00
2026-05-11 12:00:00,3517.64,0.00
2026-05-11 14:00:00,1112.14,0.00
2026-05-11 15:00:00,2324.89,0.00
2026-05-11 16:00:00,319.97,108.67
2026-05-11 17:00:00,0.00,3483.43
2026-05-11 19:00:00,15019.55,6826.94
2026-05-11 20:00:00,1276.21,0.00
2026-05-11 21:00:00,5658.66,0.00
2026-05-11 22:00:00,14788.28,0.00
2026-05-11 23:00:00,3076.27,0.00
2026-05-12 00:00:00,16.58,0.00
2026-05-12 01:00:00,42.15,155.52
2026-05-12 02:00:00,27296.49,0.00
2026-05-12 03:00:00,926.38,9.29
2026-05-12 04:00:00,300.32,16.50
2026-05-12 08:00:00,0.00,6.48
2026-05-12 10:00:00,167.15,0.00
2026-05-12 11:00:00,13.76,0.00
2026-05-12 12:00:00,0.78,0.00
2026-05-12 13:00:00,29.18,265.86
2026-05-12 14:00:00,101.82,101.35
2026-05-12 15:00:00,445.26,5.01
2026-05-12 16:00:00,7660.78,0.00
2026-05-12 17:00:00,28.39,0.00
2026-05-12 19:00:00,346.93,0.00
2026-05-12 21:00:00,431.07,72.24
2026-05-13 01:00:00,39.22,0.00
2026-05-13 03:00:00,69.58,0.00
2026-05-13 06:00:00,1357.35,0.00
2026-05-13 07:00:00,1312.49,0.00
2026-05-13 09:00:00,137.53,104.70
2026-05-13 10:00:00,0.00,116.55
2026-05-13 12:00:00,4.80,5.17
2026-05-13 13:00:00,11728.70,41.71
2026-05-13 14:00:00,2834.20,0.00
2026-05-13 15:00:00,3705.25,0.00
2026-05-13 16:00:00,10229.47,0.00
2026-05-13 17:00:00,4651.06,0.00
2026-05-13 18:00:00,9.15,0.00
2026-05-13 19:00:00,0.00,5.93
2026-05-13 20:00:00,635.64,0.00
2026-05-13 21:00:00,127.88,0.00
2026-05-13 22:00:00,792.73,0.00
2026-05-14 02:00:00,3522.57,0.00
2026-05-14 04:00:00,603.55,0.00
2026-05-14 05:00:00,4.88,0.00
2026-05-14 06:00:00,4.23,5.14
2026-05-14 07:00:00,979.88,0.00
2026-05-14 08:00:00,5435.08,0.00
2026-05-14 09:00:00,405.75,0.00
2026-05-14 10:00:00,0.00,4.64
2026-05-14 12:00:00,0.00,10.05
2026-05-14 13:00:00,850.79,0.59
2026-05-14 14:00:00,0.00,302.51
2026-05-14 18:00:00,0.00,6.35
2026-05-14 22:00:00,119.49,0.00
2026-05-15 02:00:00,539.61,0.00
2026-05-15 06:00:00,10784.13,0.00
2026-05-15 07:00:00,989.11,0.00
2026-05-15 09:00:00,5598.40,0.00
2026-05-15 11:00:00,623.28,0.00
2026-05-15 13:00:00,24056.68,0.00
2026-05-15 14:00:00,16722.52,0.00
2026-05-15 15:00:00,1894.42,0.00
2026-05-15 21:00:00,99.94,0.00
2026-05-16 01:00:00,7083.00,0.00
2026-05-16 03:00:00,1147.44,0.00
2026-05-16 05:00:00,155.37,0.00
2026-05-16 06:00:00,678.49,0.00
2026-05-16 07:00:00,441.89,0.00
2026-05-16 08:00:00,32898.30,0.00
2026-05-16 09:00:00,244.50,0.00
2026-05-16 10:00:00,1510.39,11.46
2026-05-16 11:00:00,2159.93,1645.84
2026-05-16 13:00:00,0.00,485.73
2026-05-16 14:00:00,0.00,61.62
2026-05-16 15:00:00,0.00,21.37
2026-05-16 17:00:00,3255.47,0.00
2026-05-16 18:00:00,4074.77,5.22
2026-05-16 20:00:00,0.00,56.12
2026-05-16 22:00:00,0.00,3699.10
2026-05-17 02:00:00,4293.79,3.56
2026-05-17 03:00:00,3372.41,53.79
2026-05-17 04:00:00,0.00,5.81
2026-05-17 06:00:00,134.09,0.00
2026-05-17 08:00:00,0.00,61.14
2026-05-17 13:00:00,0.00,3103.10
2026-05-17 14:00:00,0.00,1871.60
2026-05-17 15:00:00,0.00,1130.15
2026-05-17 16:00:00,2492.13,1141.66
2026-05-17 17:00:00,17356.41,83.13
2026-05-17 18:00:00,3961.09,376.44
2026-05-17 19:00:00,509.91,0.00
2026-05-17 20:00:00,133.30,0.00
2026-05-17 23:00:00,223.19,0.00
2026-05-18 00:00:00,58186.05,7.35
2026-05-18 02:00:00,1129.42,0.00
2026-05-18 05:00:00,0.00,114.85
2026-05-18 06:00:00,0.00,16.64
2026-05-18 07:00:00,0.00,6.29
2026-05-18 08:00:00,22.73,0.00
2026-05-18 09:00:00,0.00,20.05
2026-05-18 10:00:00,0.00,51.15
2026-05-18 13:00:00,752.64,0.00
2026-05-18 14:00:00,290.81,0.00
2026-05-18 15:00:00,18.12,0.00
2026-05-18 16:00:00,0.40,665.31
2026-05-18 18:00:00,34.77,0.00
2026-05-18 19:00:00,528.21,0.00
2026-05-18 21:00:00,268.50,0.00
2026-05-18 23:00:00,0.06,0.00
2026-05-19 00:00:00,302.20,0.00
2026-05-19 02:00:00,0.00,470.12
2026-05-19 03:00:00,11157.40,0.00
2026-05-19 04:00:00,7710.74,0.00
2026-05-19 05:00:00,1283.40,0.00
2026-05-19 10:00:00,330.94,0.00
2026-05-19 11:00:00,707.16,0.00
2026-05-19 14:00:00,3057.91,0.00
2026-05-19 15:00:00,941.51,57.57
2026-05-19 16:00:00,72.36,0.00
2026-05-19 17:00:00,5698.02,0.00
2026-05-19 18:00:00,4677.79,157.33
2026-05-19 19:00:00,209.39,0.00
2026-05-19 20:00:00,97.95,0.00
2026-05-19 21:00:00,0.00,10.83
2026-05-20 04:00:00,9.11,0.00
2026-05-20 06:00:00,0.00,625.75
2026-05-20 07:00:00,0.00,154.82
2026-05-20 08:00:00,37.12,0.00
2026-05-20 17:00:00,0.00,991.80
2026-05-20 18:00:00,0.00,253.12
2026-05-20 19:00:00,0.74,0.00
2026-05-20 20:00:00,4834.57,95.72
2026-05-20 21:00:00,79.24,0.00
2026-05-21 08:00:00,349.64,0.00
2026-05-21 11:00:00,159.92,0.00
2026-05-21 12:00:00,29.73,0.00
2026-05-21 14:00:00,866.60,0.00
2026-05-21 15:00:00,12.61,0.00
2026-05-22 02:00:00,0.00,142.70
2026-05-22 03:00:00,0.00,196.79
2026-05-22 05:00:00,135.72,0.00
2026-05-22 07:00:00,897.44,0.00
2026-05-22 08:00:00,0.00,400.72
2026-05-22 09:00:00,1427.87,0.00
2026-05-22 11:00:00,8679.75,0.00
2026-05-22 13:00:00,32.08,0.00
2026-05-22 14:00:00,32.19,160.78
2026-05-22 15:00:00,900.87,0.00
2026-05-22 17:00:00,0.00,83.72
2026-05-22 18:00:00,9827.32,0.00
2026-05-22 19:00:00,2187.54,0.00
2026-05-22 20:00:00,10013.08,11.26
2026-05-22 23:00:00,4275.00,0.00
2026-05-23 00:00:00,13421.45,0.00
2026-05-23 01:00:00,172.31,0.00
2026-05-23 04:00:00,0.00,953.54
2026-05-23 07:00:00,321.81,771.28
2026-05-23 08:00:00,1877.54,0.00
2026-05-23 10:00:00,58.87,0.00
2026-05-23 11:00:00,143.68,0.00
2026-05-23 12:00:00,21.77,0.00
2026-05-23 14:00:00,850.35,188.58
2026-05-23 15:00:00,11.47,0.00
2026-05-23 21:00:00,0.00,77.47
2026-05-24 00:00:00,17.96,0.00
2026-05-24 08:00:00,77.08,0.00
2026-05-24 10:00:00,0.00,1100.24
2026-05-24 13:00:00,9.77,0.00
2026-05-24 14:00:00,4.78,49.98
2026-05-24 18:00:00,10.03,0.00
2026-05-24 21:00:00,2049.27,0.00
2026-05-24 22:00:00,2799.79,0.00
2026-05-25 03:00:00,2458.85,0.00
2026-05-25 04:00:00,5.26,0.00
2026-05-25 06:00:00,0.00,0.23
2026-05-25 12:00:00,1045.85,0.00
2026-05-25 13:00:00,2086.72,0.00
2026-05-25 15:00:00,0.00,5.87
2026-05-25 16:00:00,1736.94,0.00
2026-05-25 20:00:00,537.88,0.00
2026-05-25 22:00:00,5034.11,0.00
2026-05-26 01:00:00,9807.91,0.00
2026-05-26 02:00:00,377.88,0.00
2026-05-26 03:00:00,68.41,0.00
2026-05-26 08:00:00,134.02,0.00
2026-05-26 10:00:00,240.15,0.00
2026-05-26 14:00:00,6.13,0.00
2026-05-26 15:00:00,15.22,0.00
2026-05-26 16:00:00,4662.35,0.00
2026-05-26 18:00:00,5593.54,0.00
2026-05-26 19:00:00,440.32,0.00
2026-05-26 20:00:00,0.00,6.17
2026-05-26 22:00:00,101.40,0.00
2026-05-26 23:00:00,183.00,0.00
2026-05-27 02:00:00,99.77,0.00
2026-05-27 03:00:00,1276.93,0.00
2026-05-27 04:00:00,17.60,0.00
2026-05-27 05:00:00,372.82,0.00
2026-05-27 07:00:00,2500.33,0.00
2026-05-27 08:00:00,22.40,0.00
2026-05-27 13:00:00,158.54,0.00
2026-05-27 17:00:00,365.06,0.00
2026-05-27 22:00:00,7538.88,0.00
2026-05-27 23:00:00,1075.47,0.00
2026-05-28 00:00:00,2517.97,0.00
2026-05-28 02:00:00,220.94,0.00
2026-05-28 03:00:00,227.19,0.00
2026-05-28 04:00:00,45422.89,0.00
2026-05-28 05:00:00,7393.29,0.00
2026-05-28 12:00:00,87.24,0.00
2026-05-28 13:00:00,3.02,0.00
2026-05-28 14:00:00,2744.24,0.00
2026-05-28 15:00:00,1002.24,0.00
2026-05-28 19:00:00,707.41,0.00
2026-05-28 21:00:00,1939.06,0.00
2026-05-29 01:00:00,0.00,6.22
2026-05-29 03:00:00,52.87,0.00
2026-05-29 04:00:00,1437.13,0.00
2026-05-29 05:00:00,7461.62,0.00
2026-05-29 06:00:00,399.26,0.00
2026-05-29 08:00:00,621.90,105.61
2026-05-29 09:00:00,5.03,0.00
2026-05-29 12:00:00,0.17,0.00
2026-05-29 14:00:00,12.75,0.00
2026-05-29 15:00:00,122.41,0.00
2026-05-29 16:00:00,0.00,108.91
2026-05-29 19:00:00,128.41,0.00
2026-05-29 20:00:00,52.28,0.00
2026-05-29 22:00:00,9967.24,0.00
2026-05-30 07:00:00,0.00,310.65
2026-05-30 18:00:00,191.31,0.00
2026-05-31 01:00:00,4.77,0.00
2026-05-31 08:00:00,3094.50,0.00
2026-05-31 13:00:00,0.00,371.34
2026-05-31 18:00:00,0.00,17.99
2026-05-31 19:00:00,0.00,59.05
2026-05-31 22:00:00,7216.44,0.00
2026-05-31 23:00:00,0.00,103.54
2026-06-01 00:00:00,2.86,0.00
2026-06-01 01:00:00,980.55,1794.79
2026-06-01 02:00:00,2166.62,1949.83
2026-06-01 03:00:00,1245.96,4317.35
2026-06-01 04:00:00,57.40,0.00
2026-06-01 05:00:00,1429.57,6890.80
2026-06-01 06:00:00,539.64,0.00
2026-06-01 07:00:00,29475.83,48.32
2026-06-01 08:00:00,120.78,2930.28
2026-06-01 09:00:00,26.02,59.67
2026-06-01 10:00:00,11.25,214.71
2026-06-01 11:00:00,7789.55,0.00
2026-06-01 12:00:00,10131.66,1055.03
2026-06-01 13:00:00,202.96,5.35
2026-06-01 14:00:00,9552.18,0.00
2026-06-01 16:00:00,5.23,0.00
2026-06-01 17:00:00,253.43,153.22
2026-06-01 19:00:00,0.00,27.48
2026-06-01 20:00:00,72.57,18.40
2026-06-01 22:00:00,4.42,0.00
2026-06-01 23:00:00,5.14,0.00
2026-06-02 01:00:00,4.73,0.00
2026-06-02 02:00:00,942.31,0.00
2026-06-02 03:00:00,14282.25,0.00
2026-06-02 04:00:00,22.39,58.80
2026-06-02 08:00:00,401.70,1645.90
2026-06-02 11:00:00,2299.58,0.00
2026-06-02 14:00:00,101.38,0.00
2026-06-02 15:00:00,8360.71,0.02
2026-06-02 16:00:00,28349.79,0.00
2026-06-02 17:00:00,30.48,0.00
2026-06-02 19:00:00,460.10,0.00
2026-06-02 20:00:00,6626.64,7.20
2026-06-02 21:00:00,640.90,65.16
2026-06-02 22:00:00,35.75,0.00
2026-06-02 23:00:00,135.96,5.94
2026-06-03 00:00:00,4093.93,0.00
2026-06-03 01:00:00,0.00,1297.71
2026-06-03 02:00:00,36.35,0.00
2026-06-03 04:00:00,225.56,0.00
2026-06-03 07:00:00,0.00,71.55
2026-06-03 10:00:00,604.72,0.05
2026-06-03 11:00:00,24.61,0.00
2026-06-03 14:00:00,244.44,0.00
2026-06-03 17:00:00,7807.86,0.00
2026-06-03 18:00:00,758.03,0.00
2026-06-03 19:00:00,203.58,0.02
2026-06-03 20:00:00,70.10,0.00
2026-06-03 21:00:00,1140.42,0.00
2026-06-03 22:00:00,0.00,3.73
2026-06-04 01:00:00,99.18,0.00
2026-06-04 02:00:00,4706.21,426.80
2026-06-04 03:00:00,49625.71,0.00
2026-06-04 04:00:00,0.00,105.91
2026-06-04 10:00:00,822.65,0.00
2026-06-04 11:00:00,29.96,0.00
2026-06-04 12:00:00,532.85,0.00
2026-06-04 13:00:00,61.30,14.96
2026-06-04 14:00:00,1812.50,0.00
2026-06-04 18:00:00,4937.70,0.00
2026-06-04 21:00:00,8.03,0.00
2026-06-04 22:00:00,11628.60,0.00
2026-06-05 01:00:00,1.00,0.00
2026-06-05 03:00:00,2950.13,0.00
2026-06-05 04:00:00,483.25,0.00
2026-06-05 05:00:00,149.84,0.00
2026-06-05 06:00:00,2606.36,0.00
2026-06-05 07:00:00,38146.12,0.00
2026-06-05 08:00:00,1307.87,0.00
2026-06-05 09:00:00,35.07,0.00
2026-06-05 11:00:00,4.57,0.00
2026-06-05 12:00:00,969.43,0.00
2026-06-05 13:00:00,4521.62,0.00
2026-06-05 14:00:00,1042.82,0.00
2026-06-05 15:00:00,3237.55,0.00
2026-06-05 16:00:00,169.79,0.00
2026-06-05 17:00:00,417.95,0.00
2026-06-05 19:00:00,7218.12,0.00
2026-06-05 20:00:00,12899.35,0.00
2026-06-06 00:00:00,16.08,0.00
2026-06-06 04:00:00,494.68,0.00
2026-06-06 05:00:00,12676.27,0.00
2026-06-06 06:00:00,167.28,20.48
2026-06-06 08:00:00,0.00,12.70
2026-06-06 11:00:00,0.13,0.00
2026-06-06 14:00:00,0.00,41.62
2026-06-06 15:00:00,0.00,14.10
2026-06-06 16:00:00,0.00,24.10
2026-06-06 17:00:00,9.68,0.00
2026-06-07 09:00:00,0.00,111.16
2026-06-07 11:00:00,0.00,23.24
2026-06-07 19:00:00,209.04,1028.99
2026-06-07 20:00:00,1017.54,0.00
2026-06-07 23:00:00,50.01,203.97
2026-06-08 01:00:00,0.00,63.96
2026-06-08 02:00:00,5.27,0.00
2026-06-08 04:00:00,0.00,11.47
2026-06-08 06:00:00,8495.26,40.28
2026-06-08 07:00:00,5097.61,0.00
2026-06-08 08:00:00,177.78,1431.99
2026-06-08 09:00:00,49.17,135.27
2026-06-08 11:00:00,889.02,0.00
2026-06-08 15:00:00,1162.30,0.00
2026-06-08 17:00:00,0.00,771.52
2026-06-08 18:00:00,6.83,32.54
2026-06-08 19:00:00,0.00,58.74
2026-06-08 21:00:00,4772.32,0.00
2026-06-08 22:00:00,2048.30,0.00
2026-06-08 23:00:00,2905.08,0.00
2026-06-09 00:00:00,0.02,0.00
2026-06-09 01:00:00,5823.83,4894.08
2026-06-09 02:00:00,10142.78,0.00
2026-06-09 03:00:00,1910.75,0.00
2026-06-09 04:00:00,158.37,0.00
2026-06-09 17:00:00,332.19,0.00
2026-06-09 18:00:00,0.00,56.39
2026-06-09 20:00:00,31.45,0.00
2026-06-10 00:00:00,6.44,0.00
2026-06-10 01:00:00,99.40,0.00
2026-06-10 02:00:00,12.62,0.00
2026-06-10 03:00:00,1395.30,0.00
2026-06-10 05:00:00,1225.74,0.00
2026-06-10 06:00:00,3794.52,0.00
2026-06-10 07:00:00,487.08,1004.75
2026-06-10 09:00:00,9.05,1406.77
2026-06-10 12:00:00,742.50,0.00
2026-06-10 19:00:00,122.00,0.00
2026-06-10 20:00:00,1237.74,37.86
2026-06-10 21:00:00,203.39,3667.91
2026-06-10 22:00:00,20.89,0.00
2026-06-11 00:00:00,0.00,8.79
2026-06-11 04:00:00,0.00,78.88
2026-06-11 05:00:00,49.52,0.00
2026-06-11 06:00:00,17.03,7.75
2026-06-11 07:00:00,0.00,57.36
2026-06-11 10:00:00,148.46,0.00
2026-06-11 11:00:00,0.00,1184.56
2026-06-11 12:00:00,840.12,0.00
2026-06-11 15:00:00,98.26,0.00
2026-06-11 16:00:00,1013.15,0.00
2026-06-11 18:00:00,0.00,7.78
2026-06-11 20:00:00,49.80,0.00
2026-06-11 21:00:00,148.22,155.63
2026-06-11 22:00:00,7.29,0.00
2026-06-12 03:00:00,10.20,0.00
2026-06-12 04:00:00,7702.58,0.00
2026-06-12 07:00:00,37.42,0.00
2026-06-12 08:00:00,150.61,0.00
2026-06-12 12:00:00,53.17,0.00
2026-06-12 16:00:00,98.42,0.00
2026-06-12 17:00:00,102.58,0.00
2026-06-12 20:00:00,502.04,0.00
2026-06-12 22:00:00,54.28,0.00
2026-06-13 02:00:00,50.72,0.00
2026-06-13 03:00:00,3286.02,0.00
2026-06-13 04:00:00,518.19,0.00
2026-06-13 05:00:00,860.96,0.00
2026-06-13 06:00:00,164.28,0.00
2026-06-13 07:00:00,620.37,0.00
2026-06-13 09:00:00,115.22,0.00
2026-06-13 13:00:00,69.67,0.00
2026-06-13 22:00:00,167.40,0.00
2026-06-13 23:00:00,932.85,0.00
2026-06-14 02:00:00,488.74,0.00
2026-06-14 03:00:00,33.77,0.00
2026-06-14 19:00:00,881.31,0.00
2026-06-14 20:00:00,0.00,13.87
2026-06-14 22:00:00,0.00,2.17
2026-06-15 03:00:00,0.00,24.89
2026-06-15 05:00:00,0.00,167.84
2026-06-15 08:00:00,0.00,21.98
2026-06-15 09:00:00,0.00,28.23
2026-06-15 10:00:00,7395.98,3085.60
2026-06-15 11:00:00,2.69,0.00
2026-06-15 12:00:00,11.69,187.94
2026-06-15 13:00:00,231.78,0.00
2026-06-15 14:00:00,25.76,0.00
2026-06-15 18:00:00,1298.63,0.00
2026-06-15 20:00:00,692.16,0.00
2026-06-15 22:00:00,5729.51,0.00
2026-06-15 23:00:00,1694.72,0.00
2026-06-16 00:00:00,1672.90,0.00
2026-06-16 03:00:00,397.90,0.00
2026-06-16 06:00:00,9.35,0.00
2026-06-16 10:00:00,0.00,116.87
2026-06-16 14:00:00,4.89,0.00
2026-06-16 15:00:00,4864.23,0.00
2026-06-16 17:00:00,94.86,0.00
2026-06-16 18:00:00,135.09,0.00
2026-06-16 22:00:00,998.69,0.00
2026-06-17 02:00:00,23.61,0.00
2026-06-17 09:00:00,995.48,0.00
2026-06-17 12:00:00,15.28,0.00
2026-06-17 15:00:00,17.54,0.00
2026-06-17 16:00:00,0.00,7.54
2026-06-17 17:00:00,1462.58,0.00
2026-06-17 19:00:00,534.42,0.00
2026-06-17 20:00:00,21093.34,0.00
2026-06-17 21:00:00,13.91,0.00
2026-06-17 23:00:00,1932.90,0.00
2026-06-18 00:00:00,0.00,34.22
2026-06-18 01:00:00,4.53,0.00
2026-06-18 14:00:00,0.00,13.51
2026-06-18 15:00:00,6.38,0.00
2026-06-18 16:00:00,486.25,0.00
2026-06-18 21:00:00,157.23,0.00
2026-06-19 01:00:00,0.00,10.54
2026-06-19 05:00:00,80.42,0.00
2026-06-19 08:00:00,638.09,0.00
2026-06-19 09:00:00,8222.83,0.00
2026-06-19 10:00:00,15306.93,0.00
2026-06-19 11:00:00,16.37,0.00
2026-06-19 12:00:00,0.99,0.00
2026-06-19 17:00:00,2511.85,0.00
2026-06-19 22:00:00,48.50,0.00
2026-06-19 23:00:00,34.60,0.00
2026-06-20 00:00:00,2161.55,0.00
2026-06-20 04:00:00,2.38,0.00
2026-06-20 10:00:00,0.00,1570.37
2026-06-20 11:00:00,117.77,32.87
2026-06-20 12:00:00,161.57,0.00
2026-06-20 13:00:00,7192.58,0.00
2026-06-20 14:00:00,0.00,20.24
2026-06-20 15:00:00,2708.19,0.00
2026-06-20 19:00:00,229.57,0.00
2026-06-21 05:00:00,346.13,0.00
2026-06-21 11:00:00,69.09,0.00
2026-06-22 05:00:00,0.00,64.89
2026-06-22 08:00:00,0.00,414.73
2026-06-22 09:00:00,908.67,0.00
2026-06-22 17:00:00,2224.13,0.00
2026-06-22 19:00:00,1636.47,0.00
2026-06-22 20:00:00,169.33,0.00
2026-06-22 22:00:00,2412.27,0.00
2026-06-22 23:00:00,9923.27,0.00
2026-06-23 05:00:00,2122.07,0.00
2026-06-23 06:00:00,4043.12,0.00
2026-06-23 07:00:00,16751.65,0.00
2026-06-23 09:00:00,6356.56,0.00
2026-06-23 13:00:00,3.41,0.00
2026-06-24 05:00:00,2.24,0.00
2026-06-24 14:00:00,1287.50,0.00
2026-06-24 15:00:00,336.65,0.00
2026-06-24 16:00:00,365.59,0.00
2026-06-24 17:00:00,28490.12,0.00
2026-06-24 18:00:00,10892.46,0.00
2026-06-25 00:00:00,0.00,13.10
2026-06-25 01:00:00,20.26,8.74
2026-06-25 12:00:00,22.68,0.00
2026-06-25 14:00:00,7542.48,0.00
2026-06-26 04:00:00,197.21,0.00
2026-06-26 14:00:00,434.14,0.00
2026-06-27 06:00:00,8.73,0.00
2026-06-27 12:00:00,352.77,0.00
2026-06-27 13:00:00,8.46,0.00
2026-06-27 18:00:00,269.08,0.00
2026-06-28 02:00:00,5.65,0.00
2026-06-28 07:00:00,0.27,0.00
2026-06-28 08:00:00,9.99,0.00
2026-06-28 22:00:00,112.56,0.00
2026-06-28 23:00:00,171.50,0.00
2026-06-29 13:00:00,85.52,0.00
2026-06-29 14:00:00,506.66,0.00
2026-06-30 01:00:00,83.30,0.00
2026-06-30 02:00:00,9735.52,0.00
2026-06-30 12:00:00,19.94,0.00
2026-06-30 13:00:00,155.31,0.00
2026-06-30 14:00:00,543.30,0.00
2026-06-30 15:00:00,0.00,0.04
2026-06-30 16:00:00,31.09,0.00
2026-06-30 20:00:00,0.00,480.80
2026-06-30 23:00:00,4.14,0.00
2026-07-01 01:00:00,604.74,0.00
2026-07-01 02:00:00,2242.72,0.00
2026-07-01 09:00:00,356.43,0.00
2026-07-01 18:00:00,6.48,14.70
2026-07-01 19:00:00,30.74,4.94
2026-07-01 20:00:00,331.69,0.00
2026-07-01 23:00:00,107.75,0.00
2026-07-02 01:00:00,65.38,0.00
2026-07-02 07:00:00,76.83,0.00
2026-07-02 15:00:00,4.81,0.00
2026-07-03 03:00:00,0.00,15.91
2026-07-03 11:00:00,118.41,0.00
2026-07-03 18:00:00,60.61,0.00
2026-07-03 21:00:00,0.00,17.58
2026-07-04 13:00:00,0.00,6.26
2026-07-04 14:00:00,0.00,6.15
2026-07-04 16:00:00,111.59,0.00
2026-07-05 03:00:00,208.22,0.00
2026-07-05 05:00:00,50.61,0.00
2026-07-05 06:00:00,53.46,0.00
2026-07-05 10:00:00,163.26,0.00
2026-07-05 11:00:00,119.49,0.00
2026-07-05 18:00:00,144.05,0.00
2026-07-05 23:00:00,1877.17,0.00
2026-07-06 03:00:00,71.22,0.00
2026-07-06 09:00:00,0.02,0.00
2026-07-06 13:00:00,4106.99,0.00
2026-07-06 14:00:00,5.43,0.00
2026-07-06 17:00:00,35.62,0.00
2026-07-07 14:00:00,12.04,0.00
2026-07-07 15:00:00,4678.35,0.00
2026-07-07 16:00:00,14.42,0.00
2026-07-07 18:00:00,4508.02,0.00
2026-07-07 19:00:00,443.80,0.00
2026-07-07 20:00:00,619.32,0.00
2026-07-07 21:00:00,941.32,0.00
2026-07-07 23:00:00,9471.41,0.00
2026-07-08 02:00:00,10.99,0.00
2026-07-08 03:00:00,4459.23,0.00
2026-07-08 05:00:00,1898.14,0.00
2026-07-08 09:00:00,249.00,0.00
2026-07-08 10:00:00,1943.35,0.00
2026-07-08 15:00:00,33.32,0.00
2026-07-09 01:00:00,183.78,0.00
2026-07-10 14:00:00,0.00,0.05
2026-07-11 05:00:00,44.09,0.00
2026-07-11 12:00:00,104.79,0.00
2026-07-11 18:00:00,0.00,5.26
2026-07-11 20:00:00,0.00,7.44
2026-07-11 22:00:00,0.00,1320.89
2026-07-11 23:00:00,0.00,169.53
2026-07-12 00:00:00,35.18,108.82
2026-07-12 01:00:00,13791.28,74.32
2026-07-12 02:00:00,69.83,0.00
2026-07-12 03:00:00,0.00,40.46
2026-07-12 04:00:00,0.00,1933.32
2026-07-12 05:00:00,5572.00,0.00
2026-07-12 06:00:00,367.35,0.00
2026-07-12 07:00:00,1810.72,24.02
2026-07-12 08:00:00,166.10,22.20
2026-07-12 09:00:00,0.00,51.46
2026-07-12 11:00:00,156.00,373.47
2026-07-12 12:00:00,0.58,0.00
2026-07-12 13:00:00,0.00,10.71
2026-07-12 14:00:00,11.38,2353.36
2026-07-12 15:00:00,0.00,3386.04
2026-07-12 16:00:00,0.00,142.05
2026-07-12 17:00:00,94.59,468.71
2026-07-12 18:00:00,122.07,200.94
2026-07-12 20:00:00,0.00,52.98
2026-07-12 21:00:00,9.01,5973.94
2026-07-12 22:00:00,0.00,2097.91
2026-07-12 23:00:00,68.29,0.00
2026-07-13 00:00:00,286.67,0.00
2026-07-13 01:00:00,1036.57,0.00
2026-07-13 02:00:00,119.90,504.66
2026-07-13 03:00:00,7.66,0.00
2026-07-13 04:00:00,17.11,186.44
2026-07-13 05:00:00,2126.31,0.00
2026-07-13 06:00:00,509.25,0.00
2026-07-13 07:00:00,1914.22,0.00
2026-07-13 08:00:00,123.26,0.00
2026-07-13 11:00:00,0.00,3205.84
2026-07-13 13:00:00,3438.71,0.00
2026-07-13 14:00:00,18.83,0.00
2026-07-13 18:00:00,101.76,0.00
2026-07-13 20:00:00,1966.52,5152.91
2026-07-13 21:00:00,12.01,0.00
2026-07-14 04:00:00,22.11,0.00
2026-07-14 05:00:00,10.75,5.27
2026-07-14 16:00:00,0.04,0.00
2026-07-14 17:00:00,11.21,0.00
2026-07-14 21:00:00,11.98,0.00
2026-07-15 05:00:00,22.41,0.00
2026-07-15 07:00:00,510.38,0.00
2026-07-15 09:00:00,200.10,0.00
2026-07-15 15:00:00,4.76,0.00
2026-07-15 17:00:00,76.93,0.00
2026-07-15 19:00:00,960.97,4.82
2026-07-16 01:00:00,0.00,206.35
2026-07-16 15:00:00,2259.43,0.00
2026-07-16 16:00:00,0.00,426.23
2026-07-16 18:00:00,71.95,0.00
2026-07-16 19:00:00,99.40,0.00
2026-07-17 03:00:00,15.93,0.00
2026-07-17 06:00:00,256.42,0.00
2026-07-17 10:00:00,0.00,12.01
2026-07-17 14:00:00,9.61,5.17
2026-07-17 20:00:00,9.58,0.00
2026-07-17 21:00:00,21.78,81.84
2026-07-18 06:00:00,28.39,0.00
2026-07-18 09:00:00,249.44,0.00
2026-07-18 12:00:00,635.99,0.00
2026-07-18 13:00:00,139.42,0.00
2026-07-18 17:00:00,0.00,2625.39
2026-07-18 18:00:00,0.00,30.74
2026-07-19 02:00:00,0.68,4.36
2026-07-19 10:00:00,0.00,0.11
2026-07-19 12:00:00,0.00,43.89
2026-07-19 13:00:00,127.69,0.00
2026-07-19 17:00:00,0.00,2.77
2026-07-19 18:00:00,6.42,0.00
2026-07-20 01:00:00,60.86,0.00
2026-07-20 07:00:00,52.93,0.00
2026-07-20 14:00:00,20.00,0.00
2026-07-20 15:00:00,176.13,0.00
2026-07-20 22:00:00,0.00,52.15
2026-07-21 00:00:00,0.00,597.40
2026-07-21 08:00:00,0.00,0.02
2026-07-21 09:00:00,179.55,0.00
2026-07-21 10:00:00,0.00,0.02
2026-07-22 01:00:00,0.00,42.28
2026-07-22 06:00:00,9987.88,0.00
2026-07-23 00:00:00,0.00,103.59
2026-07-23 01:00:00,5.64,0.00
2026-07-23 02:00:00,0.00,530.00
2026-07-23 05:00:00,0.00,6.44
2026-07-23 14:00:00,13.29,629.75
2026-07-23 17:00:00,0.00,36.03
2026-07-23 18:00:00,13.48,145.76
2026-07-24 00:00:00,0.00,47.87
2026-07-24 01:00:00,2689.68,0.00
2026-07-24 02:00:00,20.03,0.00
2026-07-24 07:00:00,115.46,0.00
2026-07-24 08:00:00,197.64,0.00
2026-07-24 10:00:00,99.68,0.00
2026-07-24 13:00:00,1.03,0.00
2026-07-24 16:00:00,9.61,0.00
2026-07-24 23:00:00,6.13,0.00
2026-07-25 09:00:00,6.22,0.00
2026-07-25 15:00:00,0.00,0.02
2026-07-25 16:00:00,784.64,0.00
2026-07-26 04:00:00,9.49,0.00
2026-07-26 05:00:00,2150.50,0.00
2026-07-27 07:00:00,10214.52,215.71
2026-07-27 15:00:00,858.97,0.00
2026-07-27 16:00:00,81.17,0.00
2026-07-27 17:00:00,89.93,0.00
2026-07-27 20:00:00,35.56,0.00
2026-07-27 22:00:00,8.46,0.00
2026-07-27 23:00:00,2376.61,0.00
2026-07-28 00:00:00,1260.63,0.00
2026-07-28 10:00:00,630.65,0.00
2026-07-28 14:00:00,549.11,0.00
2026-07-28 18:00:00,259.24,0.00
2026-07-28 20:00:00,9946.74,0.00
2026-07-28 22:00:00,0.00,157.46
2026-07-29 02:00:00,509.28,0.00
2026-07-29 04:00:00,1931.89,0.00
2026-07-29 05:00:00,49.64,0.00
2026-07-29 14:00:00,10.14,0.00
2026-07-29 21:00:00,1314.60,0.00
2026-07-29 22:00:00,1541.80,0.00
2026-07-30 11:00:00,0.00,726.87
2026-07-30 18:00:00,0.00,216.54
2026-07-30 20:00:00,0.00,158.29
2026-07-30 21:00:00,0.00,5.13
2026-07-31 02:00:00,0.00,5.99
2026-07-31 03:00:00,195.71,0.00
2026-07-31 04:00:00,0.00,9.98
2026-07-31 06:00:00,258.73,0.00
2026-07-31 07:00:00,0.00,41.60
2026-07-31 08:00:00,218.60,308.86
2026-07-31 11:00:00,1794.52,489.97
2026-07-31 13:00:00,1130.84,0.00
2026-07-31 14:00:00,443.43,0.00
2026-07-31 15:00:00,72.70,0.00
2026-07-31 19:00:00,794.43,0.00
2026-08-01 09:00:00,0.68,0.00
2026-08-01 16:00:00,4.21,0.00
2026-08-01 18:00:00,425.45,0.00
2026-08-01 19:00:00,582.03,0.00
2026-08-02 03:00:00,9.99,0.00
2026-08-02 11:00:00,0.00,6.29
2026-08-02 16:00:00,0.00,55.38
2026-08-02 17:00:00,746.84,0.00
2026-08-02 18:00:00,0.00,18.46
2026-08-02 20:00:00,0.00,102.43
2026-08-02 21:00:00,278.96,35.62
2026-08-02 22:00:00,592.41,16450.65
2026-08-02 23:00:00,0.00,87.46
2026-08-03 00:00:00,2020.59,0.00
2026-08-03 01:00:00,3301.37,57.68
2026-08-03 02:00:00,0.00,105.94
2026-08-03 04:00:00,6126.49,32.59
2026-08-03 05:00:00,3145.61,0.00
2026-08-03 06:00:00,142.12,0.00
2026-08-03 07:00:00,1008.29,0.00
2026-08-03 08:00:00,200.96,0.00
2026-08-03 09:00:00,21.66,0.00
2026-08-03 10:00:00,37.75,0.00
2026-08-03 18:00:00,0.00,153.60
2026-08-03 21:00:00,30.88,0.00
2026-08-04 01:00:00,0.00,30.51
2026-08-04 03:00:00,40.37,0.00
2026-08-04 04:00:00,268.29,0.00
2026-08-04 05:00:00,9.74,0.00
2026-08-04 06:00:00,0.00,1017.62
2026-08-04 07:00:00,0.00,59.96
2026-08-04 08:00:00,11.73,0.00
2026-08-04 10:00:00,556.54,0.00
2026-08-04 14:00:00,1874.27,0.00
2026-08-04 18:00:00,20.65,0.00
2026-08-05 01:00:00,12.21,0.00
2026-08-05 02:00:00,0.00,6.81
2026-08-05 04:00:00,0.00,296.50
2026-08-05 06:00:00,8.17,48.05
2026-08-05 07:00:00,473.64,292.12
2026-08-05 13:00:00,0.00,9.44
2026-08-05 18:00:00,9748.07,0.00
2026-08-05 19:00:00,0.55,89.37
2026-08-05 20:00:00,0.00,22.51
2026-08-05 23:00:00,61.44,0.00
2026-08-06 05:00:00,0.00,262.81
2026-08-06 06:00:00,20.28,24.76
2026-08-06 09:00:00,199.36,0.00
2026-08-06 10:00:00,12.12,0.00
2026-08-06 12:00:00,0.00,34.52
2026-08-06 14:00:00,160.80,28.81
2026-08-06 15:00:00,0.00,10.19
2026-08-06 23:00:00,5.55,0.00
2026-08-07 03:00:00,349.65,0.00
2026-08-07 04:00:00,728.14,0.00
2026-08-07 06:00:00,24.56,0.00
2026-08-07 07:00:00,8.86,0.00
2026-08-07 13:00:00,71.58,0.00
2026-08-07 14:00:00,173.34,0.00
2026-08-07 17:00:00,0.00,0.05
2026-08-08 03:00:00,4052.84,0.00
2026-08-08 06:00:00,4.91,0.00
2026-08-08 08:00:00,102.20,0.00
2026-08-08 09:00:00,898.40,0.00
2026-08-08 16:00:00,0.00,8.92
2026-08-08 17:00:00,19.06,0.00
2026-08-08 18:00:00,58.87,0.00
2026-08-08 22:00:00,0.00,167.85
2026-08-09 01:00:00,2.34,0.00
2026-08-09 02:00:00,105.12,46.93
2026-08-09 03:00:00,0.00,323.89
2026-08-09 04:00:00,0.00,12.82
2026-08-09 06:00:00,2347.61,0.00
2026-08-09 07:00:00,459.15,0.41
2026-08-09 08:00:00,1563.83,1262.93
2026-08-09 09:00:00,27.91,63.00
2026-08-09 10:00:00,2871.04,1112.33
2026-08-09 14:00:00,734.57,0.00
2026-08-09 18:00:00,47.78,0.00
2026-08-09 19:00:00,9.75,0.00
2026-08-09 20:00:00,2018.11,0.00
2026-08-09 21:00:00,2527.60,0.00
2026-08-09 22:00:00,108.77,0.00
2026-08-09 23:00:00,2220.52,0.00
2026-08-10 00:00:00,878.30,0.00
2026-08-10 03:00:00,23714.74,52.08
2026-08-10 05:00:00,97.42,0.00
2026-08-10 06:00:00,1230.41,0.00
2026-08-10 07:00:00,11.11,0.00
2026-08-10 09:00:00,7.84,0.00
2026-08-10 16:00:00,481.91,0.00
2026-08-10 17:00:00,4894.88,0.00
2026-08-10 18:00:00,3203.29,0.00
2026-08-11 00:00:00,269.24,0.00
2026-08-11 03:00:00,763.26,5.80
2026-08-11 04:00:00,32.34,0.00
2026-08-11 10:00:00,0.00,0.28
2026-08-11 13:00:00,0.00,144.45
2026-08-11 15:00:00,108.29,22.87
2026-08-11 16:00:00,16.29,0.00
2026-08-11 18:00:00,0.00,7701.18
2026-08-11 19:00:00,3305.38,0.00
2026-08-11 22:00:00,140.25,101.23
2026-08-12 00:00:00,14.21,0.00
2026-08-12 01:00:00,8257.38,0.00
2026-08-12 02:00:00,1375.16,0.00
2026-08-12 03:00:00,0.00,656.12
2026-08-12 04:00:00,192.34,0.00
2026-08-12 05:00:00,68.15,504.62
2026-08-12 06:00:00,245.28,354.21
2026-08-12 07:00:00,87.37,51.36
2026-08-12 08:00:00,6078.26,1917.33
2026-08-12 09:00:00,0.00,58.96
2026-08-12 10:00:00,55.47,0.00
2026-08-12 11:00:00,715.94,7693.18
2026-08-12 12:00:00,703.33,10.20
2026-08-12 14:00:00,0.00,103.91
2026-08-12 15:00:00,2678.04,68.30
2026-08-12 16:00:00,2694.01,0.00
2026-08-12 20:00:00,0.00,64.78
2026-08-12 22:00:00,4210.27,96.42
2026-08-12 23:00:00,1713.60,0.21
2026-08-13 00:00:00,0.00,138.02
2026-08-13 03:00:00,15.92,0.00
2026-08-13 04:00:00,516.99,0.00
2026-08-13 05:00:00,1209.90,0.00
2026-08-13 07:00:00,1292.87,0.00
2026-08-13 11:00:00,3794.98,0.00
2026-08-13 12:00:00,3783.77,0.00
2026-08-13 13:00:00,0.00,175.12
2026-08-13 15:00:00,0.00,531.73
2026-08-13 16:00:00,56.83,0.00
2026-08-13 17:00:00,523.43,0.00
2026-08-13 19:00:00,5.37,0.00
2026-08-13 20:00:00,3588.12,542.52
2026-08-13 21:00:00,136.95,0.00
2026-08-14 06:00:00,0.00,19.34
2026-08-14 10:00:00,2167.76,0.00
2026-08-14 11:00:00,1779.92,0.00
2026-08-14 12:00:00,514.24,0.00
2026-08-14 13:00:00,5801.41,0.00
2026-08-14 15:00:00,3350.35,0.00
2026-08-14 16:00:00,640.13,0.00
2026-08-14 19:00:00,127.40,169.02
2026-08-14 20:00:00,0.00,26.08
2026-08-15 00:00:00,434.92,0.00
2026-08-15 04:00:00,0.00,1.70
2026-08-15 06:00:00,96.58,0.00
2026-08-15 09:00:00,80.74,0.00
2026-08-15 10:00:00,11.30,0.00
2026-08-15 22:00:00,26.16,0.00
2026-08-16 01:00:00,11.19,0.00
2026-08-16 02:00:00,117.40,0.00
2026-08-16 04:00:00,249.23,0.00
2026-08-16 08:00:00,0.00,33.04
2026-08-16 12:00:00,0.00,25.54
2026-08-16 18:00:00,12.02,0.00
2026-08-16 22:00:00,512.39,0.00
2026-08-17 02:00:00,164.59,0.00
2026-08-17 06:00:00,7720.45,0.00
2026-08-17 13:00:00,52.95,0.00
2026-08-17 14:00:00,231.26,0.00
2026-08-17 15:00:00,2440.57,22.91
2026-08-17 16:00:00,0.00,626.06
2026-08-17 17:00:00,8575.41,11315.24
2026-08-17 18:00:00,21398.62,0.00
2026-08-17 23:00:00,0.60,0.00
2026-08-18 00:00:00,0.00,52.46
2026-08-18 01:00:00,0.00,10.26
2026-08-18 03:00:00,5.50,0.00
2026-08-18 10:00:00,0.00,36.21
2026-08-18 11:00:00,0.00,113.81
2026-08-18 13:00:00,850.50,0.00
2026-08-18 14:00:00,0.00,6.68
2026-08-18 16:00:00,426.41,0.00
2026-08-18 17:00:00,788.98,0.00
2026-08-18 18:00:00,74.01,0.00
2026-08-19 03:00:00,1303.55,0.00
2026-08-19 04:00:00,139.03,0.00
2026-08-19 05:00:00,298.14,3.47
2026-08-19 06:00:00,4073.23,0.00
2026-08-19 10:00:00,24.30,0.00
2026-08-19 13:00:00,1217.31,0.00
2026-08-19 14:00:00,0.18,0.00
2026-08-19 16:00:00,226.31,98.59
2026-08-19 21:00:00,0.00,314.02
2026-08-19 22:00:00,317.43,101.11
2026-08-20 05:00:00,40.23,0.00
2026-08-20 07:00:00,0.56,0.00
2026-08-20 14:00:00,0.00,67.41
2026-08-20 16:00:00,0.00,1.83
2026-08-20 21:00:00,16.79,0.11
2026-08-21 00:00:00,107.72,0.00
2026-08-21 02:00:00,2.72,0.00
2026-08-21 05:00:00,0.00,200.81
2026-08-21 08:00:00,0.00,3.75
2026-08-21 10:00:00,270.72,0.00
2026-08-21 12:00:00,11.31,0.00
2026-08-21 14:00:00,0.00,5.57
2026-08-21 16:00:00,0.00,10.00
2026-08-21 22:00:00,82.30,5.03
2026-08-22 01:00:00,0.00,5.59
2026-08-22 02:00:00,0.00,5.30
2026-08-22 03:00:00,0.00,110.64
2026-08-22 04:00:00,7.39,41.52
2026-08-22 05:00:00,119.38,19.30
2026-08-22 06:00:00,357215.12,6888.28
2026-08-22 08:00:00,53.08,160.99
2026-08-22 09:00:00,96.44,0.00
2026-08-22 10:00:00,3643.40,0.00
2026-08-22 11:00:00,5876.01,0.00
2026-08-22 12:00:00,0.00,500.65
2026-08-22 15:00:00,126.94,0.00
2026-08-22 16:00:00,7776.78,0.00
2026-08-22 18:00:00,0.00,7.51
2026-08-22 20:00:00,70.61,0.00
2026-08-22 21:00:00,178.59,0.00
2026-08-22 22:00:00,2220.85,0.00
2026-08-23 00:00:00,55.13,0.00
2026-08-23 02:00:00,1210.72,0.00
2026-08-23 03:00:00,490.10,0.00
2026-08-23 04:00:00,8885.84,0.00
2026-08-23 05:00:00,969.50,0.00
2026-08-23 06:00:00,15.03,0.00
2026-08-23 07:00:00,0.00,493.17
2026-08-23 09:00:00,17.93,0.00
2026-08-23 22:00:00,0.00,7.56
2026-08-24 04:00:00,33.22,0.00
2026-08-24 11:00:00,0.00,10.85
2026-08-24 12:00:00,13.41,584.63
2026-08-24 13:00:00,135.06,0.00
2026-08-24 14:00:00,31.53,0.00
2026-08-24 17:00:00,5317.49,0.00
2026-08-24 18:00:00,337.55,0.00
2026-08-24 20:00:00,9441.06,0.00
2026-08-24 22:00:00,38.85,26.31
2026-08-25 03:00:00,2475.06,0.00
2026-08-25 04:00:00,0.00,172.72
2026-08-25 08:00:00,88.73,0.00
2026-08-25 09:00:00,20.85,0.00
2026-08-25 10:00:00,585.15,0.00
2026-08-25 14:00:00,71.32,0.00
2026-08-25 16:00:00,49.61,0.00
2026-08-25 17:00:00,3.78,0.00
2026-08-25 21:00:00,522.99,0.00
2026-08-25 22:00:00,3681.28,0.00
2026-08-26 06:00:00,177.55,0.00
2026-08-26 09:00:00,31.64,0.00
2026-08-26 11:00:00,11.53,1297.47
2026-08-26 14:00:00,0.00,7.54
2026-08-26 15:00:00,0.02,0.00
2026-08-26 16:00:00,18.18,0.00
2026-08-26 23:00:00,454.68,0.00
2026-08-27 05:00:00,0.00,562.08
2026-08-27 06:00:00,0.00,56.08
2026-08-27 10:00:00,41.44,0.00
2026-08-27 11:00:00,103.03,0.00
2026-08-27 17:00:00,0.00,22.71
2026-08-28 15:00:00,37.96,0.00
2026-08-28 16:00:00,64.71,0.00
2026-08-28 17:00:00,1722.78,0.00
2026-08-29 01:00:00,0.00,13.54
2026-08-29 17:00:00,0.00,16.32
2026-08-30 07:00:00,249.73,0.00
2026-08-30 10:00:00,19.71,0.00
2026-08-30 22:00:00,98.93,0.00
2026-08-31 00:00:00,5857.22,0.00
2026-08-31 02:00:00,9.24,0.00
2026-08-31 10:00:00,395.90,0.00
2026-09-01 09:00:00,5.14,0.00
2026-09-01 12:00:00,151.13,0.00
2026-09-01 16:00:00,42.00,0.00
2026-09-01 19:00:00,15.15,0.00
2026-09-02 09:00:00,1081.79,0.00
2026-09-02 16:00:00,0.56,0.00
2026-09-02 17:00:00,1012.27,0.00
2026-09-02 19:00:00,11.81,12.39
2026-09-02 20:00:00,4.58,0.00
2026-09-02 21:00:00,536.25,0.00
2026-09-02 22:00:00,8834.55,862.26
2026-09-03 13:00:00,385.91,0.00
2026-09-03 20:00:00,17.84,5.90
2026-09-04 11:00:00,1634.46,0.00
2026-09-04 13:00:00,3428.58,0.00
2026-09-05 10:00:00,0.00,951.24
2026-09-05 17:00:00,1908.15,0.00
2026-09-05 23:00:00,29.27,0.00
2026-09-06 02:00:00,1.24,0.00
2026-09-06 05:00:00,6.91,0.00
2026-09-06 10:00:00,22.67,0.00
2026-09-06 15:00:00,988.20,0.00
2026-09-06 22:00:00,14.12,0.00
2026-09-07 08:00:00,1499.25,0.00
2026-09-07 11:00:00,0.00,122.12
2026-09-07 21:00:00,41.98,0.00
2026-09-08 07:00:00,20.89,0.00
2026-09-08 09:00:00,0.20,0.00
2026-09-09 04:00:00,99.87,0.00
2026-09-09 06:00:00,0.00,222.14
2026-09-09 13:00:00,0.00,21.58
2026-09-09 14:00:00,209.71,0.00
2026-09-09 16:00:00,3232.75,0.00
2026-09-09 20:00:00,143.28,0.00
2026-09-09 21:00:00,589.45,0.00
2026-09-09 22:00:00,177.11,0.00
2026-09-09 23:00:00,56354.55,0.00
2026-09-10 02:00:00,5.36,0.00
2026-09-10 13:00:00,101.67,0.00
2026-09-10 14:00:00,3.95,0.00
2026-09-10 22:00:00,2.44,0.00
2026-09-11 10:00:00,0.48,0.00
2026-09-11 13:00:00,62.27,0.00
2026-09-12 05:00:00,276.35,0.00
2026-09-12 19:00:00,113.55,0.00
2026-09-13 02:00:00,98.12,31.35
2026-09-13 03:00:00,384.89,0.56
2026-09-13 04:00:00,1427.23,95.62
2026-09-13 23:00:00,34.03,0.00
2026-09-14 05:00:00,695.62,0.00
2026-09-14 14:00:00,486.09,0.00
2026-09-14 15:00:00,14.15,0.00
2026-09-15 00:00:00,12.99,0.00
2026-09-15 01:00:00,2059.24,0.00
2026-09-15 08:00:00,617.96,0.00
2026-09-15 09:00:00,47.55,0.00
2026-09-15 11:00:00,7.07,0.00
2026-09-15 15:00:00,334.70,0.00
2026-09-15 19:00:00,1608.69,0.00
2026-09-16 03:00:00,23.78,0.00
2026-09-16 09:00:00,41.31,0.00
2026-09-16 13:00:00,41.95,0.00
2026-09-16 15:00:00,3.58,0.00
2026-09-16 19:00:00,7.11,0.00
2026-09-17 20:00:00,20.20,0.00
2026-09-17 21:00:00,19.77,0.00
2026-09-18 01:00:00,0.00,10.52
2026-09-18 04:00:00,189.04,0.00
2026-09-18 06:00:00,0.00,5.18
2026-09-18 20:00:00,7.45,0.00
2026-09-19 00:00:00,16.52,0.00
2026-09-19 03:00:00,6.46,0.00
2026-09-19 06:00:00,65.93,0.00
2026-09-19 11:00:00,0.00,1601.22
2026-09-19 12:00:00,0.00,1964.59
2026-09-19 19:00:00,1066.48,0.00
2026-09-19 20:00:00,308.86,18.21
2026-09-20 03:00:00,31.07,0.00
2026-09-20 04:00:00,54.63,0.00
2026-09-20 08:00:00,95.44,0.00
2026-09-20 09:00:00,179.48,0.00
2026-09-20 10:00:00,40.30,0.00
2026-09-20 11:00:00,807.01,0.02
2026-09-21 08:00:00,0.00,6.17
2026-09-21 09:00:00,15.59,0.00
2026-09-21 12:00:00,8.67,507.07
2026-09-21 14:00:00,4140.52,0.00
2026-09-21 17:00:00,1.32,0.00
2026-09-22 13:00:00,128.81,0.00
2026-09-22 23:00:00,0.00,111.08
2026-09-23 05:00:00,0.00,5.69
2026-09-23 09:00:00,5.27,322.86
2026-09-23 11:00:00,149.61,0.00
2026-09-23 13:00:00,0.00,8.45
2026-09-23 15:00:00,26538.62,0.00
2026-09-23 16:00:00,860.00,0.00
2026-09-23 17:00:00,1250.61,0.00
2026-09-23 20:00:00,1078.10,0.00
2026-09-23 21:00:00,35.64,0.00
2026-09-24 00:00:00,0.00,0.34
2026-09-24 01:00:00,198.65,0.00
2026-09-24 02:00:00,20.71,0.00
2026-09-24 08:00:00,0.00,478.19
2026-09-24 10:00:00,4801.99,0.00
2026-09-24 11:00:00,219.12,0.00
2026-09-24 12:00:00,5586.33,0.00
2026-09-24 14:00:00,0.00,502.11
2026-09-24 15:00:00,0.00,304.19
2026-09-24 17:00:00,10.23,0.00
2026-09-24 19:00:00,2255.48,0.00
2026-09-24 20:00:00,0.00,5.27
2026-09-24 21:00:00,0.31,0.00
2026-09-25 03:00:00,60.00,0.00
2026-09-25 05:00:00,125.81,0.00
2026-09-25 08:00:00,94.76,0.00
2026-09-25 09:00:00,0.00,5.11
2026-09-25 10:00:00,14.85,0.00
2026-09-25 13:00:00,10.16,0.00
2026-09-26 11:00:00,659.81,0.00
2026-09-26 12:00:00,0.00,0.86
2026-09-26 21:00:00,1002.43,0.00
2026-09-27 07:00:00,0.58,0.00
2026-09-27 15:00:00,165.18,0.00
2026-09-27 22:00:00,74.07,0.00
2026-09-27 23:00:00,1530.11,0.00
2026-09-28 00:00:00,25.48,0.00
2026-09-28 02:00:00,14.41,0.00
2026-09-28 03:00:00,235.05,0.00
2026-09-28 04:00:00,287.32,0.00
2026-09-28 05:00:00,90.72,0.00
2026-09-28 06:00:00,1255.23,0.00
2026-09-28 08:00:00,977.78,0.00
2026-09-28 10:00:00,4.87,0.00
2026-09-28 15:00:00,71.61,0.00
2026-09-28 16:00:00,101.20,0.00
2026-09-29 02:00:00,510.34,0.00
2026-09-29 03:00:00,430.97,0.00
2026-09-29 09:00:00,109.33,0.00
2026-09-30 19:00:00,29.01,0.00
2026-09-30 21:00:00,53.79,0.00
2026-10-01 08:00:00,320.14,0.00
2026-10-02 08:00:00,88.54,0.00
2026-10-02 19:00:00,21677.92,0.00
2026-10-03 20:00:00,3842.78,0.00
2026-10-03 23:00:00,204.39,0.00
2026-10-04 23:00:00,245.19,0.00
2026-10-05 08:00:00,5.04,0.00
2026-10-05 09:00:00,129.66,0.00
2026-10-05 18:00:00,69.58,0.00
2026-10-06 11:00:00,6.09,0.00
2026-10-07 01:00:00,74.19,0.00
2026-10-07 02:00:00,27.16,0.00
2026-10-07 03:00:00,14073.42,0.00
2026-10-07 05:00:00,1471.00,0.00
2026-10-07 10:00:00,55.10,0.00
2026-10-07 11:00:00,559.89,0.00
2026-10-07 12:00:00,174.80,0.00
2026-10-07 14:00:00,10681.23,0.00
2026-10-08 05:00:00,282.27,0.00
2026-10-08 13:00:00,1223.40,0.00
2026-10-08 14:00:00,96.55,0.00
2026-10-08 16:00:00,40073.29,0.00
2026-10-08 17:00:00,8732.17,0.00
2026-10-08 18:00:00,11506.08,0.00
2026-10-08 19:00:00,103.14,0.00
2026-10-09 03:00:00,0.00,0.36
