time,ls_ratio,long_pct,short_pct
2026-04-05 17:00:00,1.398100,58.3000,41.7000
2026-04-05 18:00:00,1.434900,58.9300,41.0700
2026-04-05 19:00:00,1.431300,58.8700,41.1300
2026-04-05 20:00:00,1.430700,58.8600,41.1400
2026-04-05 21:00:00,1.440200,59.0200,40.9800
2026-04-05 22:00:00,1.467900,59.4800,40.5200
2026-04-05 23:00:00,1.450400,59.1900,40.8100
2026-04-06 00:00:00,1.460600,59.3600,40.6400
2026-04-06 01:00:00,1.450400,59.1900,40.8100
2026-04-06 02:00:00,1.478900,59.6600,40.3400
2026-04-06 03:00:00,1.491900,59.8700,40.1300
2026-04-06 04:00:00,1.490000,59.8400,40.1600
2026-04-06 05:00:00,1.448000,59.1500,40.8500
2026-04-06 06:00:00,1.456400,59.2900,40.7100
2026-04-06 07:00:00,1.473400,59.5700,40.4300
2026-04-06 08:00:00,1.456400,59.2900,40.7100
2026-04-06 09:00:00,1.433700,58.9100,41.0900
2026-04-06 10:00:00,1.412000,58.5400,41.4600
2026-04-06 11:00:00,1.365700,57.7300,42.2700
2026-04-06 12:00:00,1.295200,56.4300,43.5700
2026-04-06 13:00:00,1.250200,55.5600,44.4400
2026-04-06 14:00:00,1.237100,55.3000,44.7000
2026-04-06 15:00:00,1.208500,54.7200,45.2800
2026-04-06 16:00:00,1.194900,54.4400,45.5600
2026-04-06 17:00:00,1.181000,54.1500,45.8500
2026-04-06 18:00:00,1.186300,54.2600,45.7400
2026-04-06 19:00:00,1.173900,54.0000,46.0000
2026-04-06 20:00:00,1.153300,53.5600,46.4400
2026-04-06 21:00:00,1.138600,53.2400,46.7600
2026-04-06 22:00:00,1.134000,53.1400,46.8600
2026-04-06 23:00:00,1.112800,52.6700,47.3300
2026-04-07 00:00:00,1.092500,52.2100,47.7900
2026-04-07 01:00:00,1.078600,51.8900,48.1100
2026-04-07 02:00:00,1.020200,50.5000,49.5000
2026-04-07 03:00:00,1.019000,50.4700,49.5300
2026-04-07 04:00:00,1.002000,50.0500,49.9500
2026-04-07 05:00:00,0.996800,49.9200,50.0800
2026-04-07 06:00:00,0.998000,49.9500,50.0500
2026-04-07 07:00:00,0.988500,49.7100,50.2900
2026-04-07 08:00:00,0.982200,49.5500,50.4500
2026-04-07 09:00:00,0.977100,49.4200,50.5800
2026-04-07 10:00:00,0.961900,49.0300,50.9700
2026-04-07 11:00:00,0.966200,49.1400,50.8600
2026-04-07 12:00:00,0.967300,49.1700,50.8300
2026-04-07 13:00:00,0.927200,48.1100,51.8900
2026-04-07 14:00:00,0.927200,48.1100,51.8900
2026-04-07 15:00:00,0.911700,47.6900,52.3100
2026-04-07 16:00:00,0.920100,47.9200,52.0800
2026-04-07 17:00:00,0.920100,47.9200,52.0800
2026-04-07 18:00:00,0.915300,47.7900,52.2100
2026-04-07 19:00:00,0.916400,47.8200,52.1800
2026-04-07 20:00:00,0.901900,47.4200,52.5800
2026-04-07 21:00:00,0.905500,47.5200,52.4800
2026-04-07 22:00:00,0.897900,47.3100,52.6900
2026-04-07 23:00:00,0.904400,47.4900,52.5100
2026-04-08 00:00:00,0.902600,47.4400,52.5600
2026-04-08 01:00:00,0.911700,47.6900,52.3100
2026-04-08 02:00:00,0.914200,47.7600,52.2400
2026-04-08 03:00:00,0.904400,47.4900,52.5100
2026-04-08 04:00:00,0.916800,47.8300,52.1700
2026-04-08 05:00:00,0.923100,48.0000,52.0000
2026-04-08 06:00:00,0.920900,47.9400,52.0600
2026-04-08 07:00:00,0.920500,47.9300,52.0700
2026-04-08 08:00:00,0.908800,47.6100,52.3900
2026-04-08 09:00:00,0.924600,48.0400,51.9600
2026-04-08 10:00:00,0.912000,47.7000,52.3000
2026-04-08 11:00:00,0.919000,47.8900,52.1100
2026-04-08 12:00:00,0.931600,48.2300,51.7700
2026-04-08 13:00:00,0.955400,48.8600,51.1400
2026-04-08 14:00:00,0.953900,48.8200,51.1800
2026-04-08 15:00:00,0.948900,48.6900,51.3100
2026-04-08 16:00:00,0.936900,48.3700,51.6300
2026-04-08 17:00:00,0.937200,48.3800,51.6200
2026-04-08 18:00:00,0.938400,48.4100,51.5900
2026-04-08 19:00:00,0.953900,48.8200,51.1800
2026-04-08 20:00:00,0.941000,48.4800,51.5200
2026-04-08 21:00:00,0.950100,48.7200,51.2800
2026-04-08 22:00:00,0.944400,48.5700,51.4300
2026-04-08 23:00:00,0.939900,48.4500,51.5500
2026-04-09 00:00:00,0.944000,48.5600,51.4400
2026-04-09 01:00:00,0.960800,49.0000,51.0000
2026-04-09 02:00:00,0.927200,48.1100,51.8900
2026-04-09 03:00:00,0.944400,48.5700,51.4300
2026-04-09 04:00:00,0.960400,48.9900,51.0100
2026-04-09 05:00:00,0.956600,48.8900,51.1100
2026-04-09 06:00:00,0.963500,49.0700,50.9300
2026-04-09 07:00:00,0.961600,49.0200,50.9800
2026-04-09 08:00:00,0.969700,49.2300,50.7700
2026-04-09 09:00:00,0.969300,49.2200,50.7800
2026-04-09 10:00:00,1.032500,50.8000,49.2000
2026-04-09 11:00:00,1.071700,51.7300,48.2700
2026-04-09 12:00:00,1.095600,52.2800,47.7200
2026-04-09 13:00:00,1.089900,52.1500,47.8500
2026-04-09 14:00:00,1.141300,53.3000,46.7000
2026-04-09 15:00:00,1.159400,53.6900,46.3100
2026-04-09 16:00:00,1.161200,53.7300,46.2700
2026-04-09 17:00:00,1.137200,53.2100,46.7900
2026-04-09 18:00:00,1.124900,52.9400,47.0600
2026-04-09 19:00:00,1.123600,52.9100,47.0900
2026-04-09 20:00:00,1.132700,53.1100,46.8900
2026-04-09 21:00:00,1.114600,52.7100,47.2900
2026-04-09 22:00:00,1.110100,52.6100,47.3900
2026-04-09 23:00:00,1.116900,52.7600,47.2400
2026-04-10 00:00:00,1.116000,52.7400,47.2600
2026-04-10 01:00:00,1.115500,52.7300,47.2700
2026-04-10 02:00:00,1.080700,51.9400,48.0600
2026-04-10 03:00:00,1.079900,51.9200,48.0800
2026-04-10 04:00:00,1.116400,52.7500,47.2500
2026-04-10 05:00:00,1.042500,51.0400,48.9600
2026-04-10 06:00:00,1.020200,50.5000,49.5000
2026-04-10 07:00:00,1.061900,51.5000,48.5000
2026-04-10 08:00:00,1.126800,52.9800,47.0200
2026-04-10 09:00:00,1.119100,52.8100,47.1900
2026-04-10 10:00:00,1.091600,52.1900,47.8100
2026-04-10 11:00:00,1.116400,52.7500,47.2500
2026-04-10 12:00:00,1.153800,53.5700,46.4300
2026-04-10 13:00:00,1.124900,52.9400,47.0600
2026-04-10 14:00:00,1.129900,53.0500,46.9500
2026-04-10 15:00:00,1.124000,52.9200,47.0800
2026-04-10 16:00:00,1.165000,53.8100,46.1900
2026-04-10 17:00:00,1.117300,52.7700,47.2300
2026-04-10 18:00:00,1.144500,53.3700,46.6300
2026-04-10 19:00:00,1.131300,53.0800,46.9200
2026-04-10 20:00:00,1.138600,53.2400,46.7600
2026-04-10 21:00:00,1.140900,53.2900,46.7100
2026-04-10 22:00:00,1.142200,53.3200,46.6800
2026-04-10 23:00:00,1.150100,53.4900,46.5100
2026-04-11 00:00:00,1.141800,53.3100,46.6900
2026-04-11 01:00:00,1.120900,52.8500,47.1500
2026-04-11 02:00:00,1.085900,52.0600,47.9400
2026-04-11 03:00:00,1.080700,51.9400,48.0600
2026-04-11 04:00:00,1.103000,52.4500,47.5500
2026-04-11 05:00:00,1.102200,52.4300,47.5700
2026-04-11 06:00:00,1.085900,52.0600,47.9400
2026-04-11 07:00:00,1.091200,52.1800,47.8200
2026-04-11 08:00:00,1.097300,52.3200,47.6800
2026-04-11 09:00:00,1.113700,52.6900,47.3100
2026-04-11 10:00:00,1.097800,52.3300,47.6700
2026-04-11 11:00:00,1.092900,52.2200,47.7800
2026-04-11 12:00:00,1.076800,51.8500,48.1500
2026-04-11 13:00:00,1.110600,52.6200,47.3800
2026-04-11 14:00:00,1.099100,52.3600,47.6400
2026-04-11 15:00:00,1.092100,52.2000,47.8000
2026-04-11 16:00:00,1.091600,52.1900,47.8100
2026-04-11 17:00:00,1.080300,51.9300,48.0700
2026-04-11 18:00:00,1.067800,51.6400,48.3600
2026-04-11 19:00:00,1.064400,51.5600,48.4400
2026-04-11 20:00:00,1.056300,51.3700,48.6300
2026-04-11 21:00:00,1.089400,52.1400,47.8600
2026-04-11 22:00:00,1.079000,51.9000,48.1000
2026-04-11 23:00:00,1.069500,51.6800,48.3200
2026-04-12 00:00:00,1.057200,51.3900,48.6100
2026-04-12 01:00:00,1.072100,51.7400,48.2600
2026-04-12 02:00:00,1.076400,51.8400,48.1600
2026-04-12 03:00:00,1.048300,51.1800,48.8200
2026-04-12 04:00:00,1.023500,50.5800,49.4200
2026-04-12 05:00:00,1.026800,50.6600,49.3400
2026-04-12 06:00:00,1.021000,50.5200,49.4800
2026-04-12 07:00:00,0.990800,49.7700,50.2300
2026-04-12 08:00:00,0.982200,49.5500,50.4500
2026-04-12 09:00:00,0.979400,49.4800,50.5200
2026-04-12 10:00:00,0.976700,49.4100,50.5900
2026-04-12 11:00:00,0.994000,49.8500,50.1500
2026-04-12 12:00:00,0.988500,49.7100,50.2900
2026-04-12 13:00:00,0.963500,49.0700,50.9300
2026-04-12 14:00:00,0.944400,48.5700,51.4300
2026-04-12 15:00:00,0.938000,48.4000,51.6000
2026-04-12 16:00:00,0.905500,47.5200,52.4800
2026-04-12 17:00:00,0.875800,46.6900,53.3100
2026-04-12 18:00:00,0.871300,46.5600,53.4400
2026-04-12 19:00:00,0.864600,46.3700,53.6300
2026-04-12 20:00:00,0.851500,45.9900,54.0100
2026-04-12 21:00:00,0.830500,45.3700,54.6300
2026-04-12 22:00:00,0.827800,45.2900,54.7100
2026-04-12 23:00:00,0.817900,44.9900,55.0100
2026-04-13 00:00:00,0.830800,45.3800,54.6200
2026-04-13 01:00:00,0.817200,44.9700,55.0300
2026-04-13 02:00:00,0.757800,43.1100,56.8900
2026-04-13 03:00:00,0.769000,43.4700,56.5300
2026-04-13 04:00:00,0.767700,43.4300,56.5700
2026-04-13 05:00:00,0.761500,43.2300,56.7700
2026-04-13 06:00:00,0.750400,42.8700,57.1300
2026-04-13 07:00:00,0.757200,43.0900,56.9100
2026-04-13 08:00:00,0.751300,42.9000,57.1000
2026-04-13 09:00:00,0.765200,43.3500,56.6500
2026-04-13 10:00:00,0.760300,43.1900,56.8100
2026-04-13 11:00:00,0.751900,42.9200,57.0800
2026-04-13 12:00:00,0.760900,43.2100,56.7900
2026-04-13 13:00:00,0.755000,43.0200,56.9800
2026-04-13 14:00:00,0.751000,42.8900,57.1100
2026-04-13 15:00:00,0.769000,43.4700,56.5300
2026-04-13 16:00:00,0.774900,43.6600,56.3400
2026-04-13 17:00:00,0.781900,43.8800,56.1200
2026-04-13 18:00:00,0.781600,43.8700,56.1300
2026-04-13 19:00:00,0.776500,43.7100,56.2900
2026-04-13 20:00:00,0.770500,43.5200,56.4800
2026-04-13 21:00:00,0.789200,44.1100,55.8900
2026-04-13 22:00:00,0.798900,44.4100,55.5900
2026-04-13 23:00:00,0.799500,44.4300,55.5700
2026-04-14 00:00:00,0.775900,43.6900,56.3100
2026-04-14 01:00:00,0.778100,43.7600,56.2400
2026-04-14 02:00:00,0.781600,43.8700,56.1300
2026-04-14 03:00:00,0.797300,44.3600,55.6400
2026-04-14 04:00:00,0.776200,43.7000,56.3000
2026-04-14 05:00:00,0.777800,43.7500,56.2500
2026-04-14 06:00:00,0.790500,44.1500,55.8500
2026-04-14 07:00:00,0.801500,44.4900,55.5100
2026-04-14 08:00:00,0.794000,44.2600,55.7400
2026-04-14 09:00:00,0.785400,43.9900,56.0100
2026-04-14 10:00:00,0.783800,43.9400,56.0600
2026-04-14 11:00:00,0.777800,43.7500,56.2500
2026-04-14 12:00:00,0.775600,43.6800,56.3200
2026-04-14 13:00:00,0.769000,43.4700,56.5300
2026-04-14 14:00:00,0.760900,43.2100,56.7900
2026-04-14 15:00:00,0.740900,42.5600,57.4400
2026-04-14 16:00:00,0.728600,42.1500,57.8500
2026-04-14 17:00:00,0.757800,43.1100,56.8900
2026-04-14 18:00:00,0.746100,42.7300,57.2700
2026-04-14 19:00:00,0.740300,42.5400,57.4600
2026-04-14 20:00:00,0.732800,42.2900,57.7100
2026-04-14 21:00:00,0.728900,42.1600,57.8400
2026-04-14 22:00:00,0.725600,42.0500,57.9500
2026-04-14 23:00:00,0.726800,42.0900,57.9100
2026-04-15 00:00:00,0.720900,41.8900,58.1100
2026-04-15 01:00:00,0.717900,41.7900,58.2100
2026-04-15 02:00:00,0.723800,41.9900,58.0100
2026-04-15 03:00:00,0.723200,41.9700,58.0300
2026-04-15 04:00:00,0.727700,42.1200,57.8800
2026-04-15 05:00:00,0.725000,42.0300,57.9700
2026-04-15 06:00:00,0.725600,42.0500,57.9500
2026-04-15 07:00:00,0.728000,42.1300,57.8700
2026-04-15 08:00:00,0.723800,41.9900,58.0100
2026-04-15 09:00:00,0.727100,42.1000,57.9000
2026-04-15 10:00:00,0.712600,41.6100,58.3900
2026-04-15 11:00:00,0.716100,41.7300,58.2700
2026-04-15 12:00:00,0.720900,41.8900,58.1100
2026-04-15 13:00:00,0.707100,41.4200,58.5800
2026-04-15 14:00:00,0.703600,41.3000,58.7000
2026-04-15 15:00:00,0.705300,41.3600,58.6400
2026-04-15 16:00:00,0.702100,41.2500,58.7500
2026-04-15 17:00:00,0.701800,41.2400,58.7600
2026-04-15 18:00:00,0.709400,41.5000,58.5000
2026-04-15 19:00:00,0.725600,42.0500,57.9500
2026-04-15 20:00:00,0.727400,42.1100,57.8900
2026-04-15 21:00:00,0.745800,42.7200,57.2800
2026-04-15 22:00:00,0.747300,42.7700,57.2300
2026-04-15 23:00:00,0.752200,42.9300,57.0700
2026-04-16 00:00:00,0.760900,43.2100,56.7900
2026-04-16 01:00:00,0.754400,43.0000,57.0000
2026-04-16 02:00:00,0.752800,42.9500,57.0500
2026-04-16 03:00:00,0.751900,42.9200,57.0800
2026-04-16 04:00:00,0.756200,43.0600,56.9400
2026-04-16 05:00:00,0.755600,43.0400,56.9600
2026-04-16 06:00:00,0.778700,43.7800,56.2200
2026-04-16 07:00:00,0.780900,43.8500,56.1500
2026-04-16 08:00:00,0.780900,43.8500,56.1500
2026-04-16 09:00:00,0.784400,43.9600,56.0400
2026-04-16 10:00:00,0.773000,43.6000,56.4000
2026-04-16 11:00:00,0.747000,42.7600,57.2400
2026-04-16 12:00:00,0.757500,43.1000,56.9000
2026-04-16 13:00:00,0.769000,43.4700,56.5300
2026-04-16 14:00:00,0.776500,43.7100,56.2900
2026-04-16 15:00:00,0.789500,44.1200,55.8800
2026-04-16 16:00:00,0.812600,44.8300,55.1700
2026-04-16 17:00:00,0.820800,45.0800,54.9200
2026-04-16 18:00:00,0.843700,45.7600,54.2400
2026-04-16 19:00:00,0.843000,45.7400,54.2600
2026-04-16 20:00:00,0.852500,46.0200,53.9800
2026-04-16 21:00:00,0.864600,46.3700,53.6300
2026-04-16 22:00:00,0.857000,46.1500,53.8500
2026-04-16 23:00:00,0.863200,46.3300,53.6700
2026-04-17 00:00:00,0.865000,46.3800,53.6200
2026-04-17 01:00:00,0.873000,46.6100,53.3900
2026-04-17 02:00:00,0.901500,47.4100,52.5900
2026-04-17 03:00:00,0.909500,47.6300,52.3700
2026-04-17 04:00:00,0.909900,47.6400,52.3600
2026-04-17 05:00:00,0.917500,47.8500,52.1500
2026-04-17 06:00:00,0.894300,47.2100,52.7900
2026-04-17 07:00:00,0.896100,47.2600,52.7400
2026-04-17 08:00:00,0.897900,47.3100,52.6900
2026-04-17 09:00:00,0.917200,47.8400,52.1600
2026-04-17 10:00:00,0.929400,48.1700,51.8300
2026-04-17 11:00:00,0.972000,49.2900,50.7100
2026-04-17 12:00:00,1.105700,52.5100,47.4900
2026-04-17 13:00:00,1.131300,53.0800,46.9200
2026-04-17 14:00:00,1.151000,53.5100,46.4900
2026-04-17 15:00:00,1.126800,52.9800,47.0200
2026-04-17 16:00:00,1.156600,53.6300,46.3700
2026-04-17 17:00:00,1.161700,53.7400,46.2600
2026-04-17 18:00:00,1.158900,53.6800,46.3200
2026-04-17 19:00:00,1.167300,53.8600,46.1400
2026-04-17 20:00:00,1.180100,54.1300,45.8700
2026-04-17 21:00:00,1.197300,54.4900,45.5100
2026-04-17 22:00:00,1.205100,54.6500,45.3500
2026-04-17 23:00:00,1.210400,54.7600,45.2400
2026-04-18 00:00:00,1.221700,54.9900,45.0100
2026-04-18 01:00:00,1.225700,55.0700,44.9300
2026-04-18 02:00:00,1.232100,55.2000,44.8000
2026-04-18 03:00:00,1.243200,55.4200,44.5800
2026-04-18 04:00:00,1.234600,55.2500,44.7500
2026-04-18 05:00:00,1.201700,54.5800,45.4200
2026-04-18 06:00:00,1.216800,54.8900,45.1100
2026-04-18 07:00:00,1.251200,55.5800,44.4200
2026-04-18 08:00:00,1.291500,56.3600,43.6400
2026-04-18 09:00:00,1.339700,57.2600,42.7400
2026-04-18 10:00:00,1.299400,56.5100,43.4900
2026-04-18 11:00:00,1.322900,56.9500,43.0500
2026-04-18 12:00:00,1.355200,57.5400,42.4600
2026-04-18 13:00:00,1.371400,57.8300,42.1700
2026-04-18 14:00:00,1.374200,57.8800,42.1200
2026-04-18 15:00:00,1.373600,57.8700,42.1300
2026-04-18 16:00:00,1.377600,57.9400,42.0600
2026-04-18 17:00:00,1.378700,57.9600,42.0400
2026-04-18 18:00:00,1.342500,57.3100,42.6900
2026-04-18 19:00:00,1.356800,57.5700,42.4300
2026-04-18 20:00:00,1.399800,58.3300,41.6700
2026-04-18 21:00:00,1.364100,57.7000,42.3000
2026-04-18 22:00:00,1.318000,56.8600,43.1400
2026-04-18 23:00:00,1.281000,56.1600,43.8400
2026-04-19 00:00:00,1.289900,56.3300,43.6700
2026-04-19 01:00:00,1.298300,56.4900,43.5100
2026-04-19 02:00:00,1.269100,55.9300,44.0700
2026-04-19 03:00:00,1.274800,56.0400,43.9600
2026-04-19 04:00:00,1.357400,57.5800,42.4200
2026-04-19 05:00:00,1.336400,57.2000,42.8000
2026-04-19 06:00:00,1.330500,57.0900,42.9100
2026-04-19 07:00:00,1.321300,56.9200,43.0800
2026-04-19 08:00:00,1.301000,56.5400,43.4600
2026-04-19 09:00:00,1.306300,56.6400,43.3600
2026-04-19 10:00:00,1.275300,56.0500,43.9500
2026-04-19 11:00:00,1.269600,55.9400,44.0600
2026-04-19 12:00:00,1.261900,55.7900,44.2100
2026-04-19 13:00:00,1.269600,55.9400,44.0600
2026-04-19 14:00:00,1.271700,55.9800,44.0200
2026-04-19 15:00:00,1.274300,56.0300,43.9700
2026-04-19 16:00:00,1.258400,55.7200,44.2800
2026-04-19 17:00:00,1.281500,56.1700,43.8300
2026-04-19 18:00:00,1.295200,56.4300,43.5700
2026-04-19 19:00:00,1.244200,55.4400,44.5600
2026-04-19 20:00:00,1.199700,54.5400,45.4600
2026-04-19 21:00:00,1.220200,54.9600,45.0400
2026-04-19 22:00:00,1.220200,54.9600,45.0400
2026-04-19 23:00:00,1.219300,54.9400,45.0600
2026-04-20 00:00:00,1.208000,54.7100,45.2900
2026-04-20 01:00:00,1.158400,53.6700,46.3300
2026-04-20 02:00:00,1.140000,53.2700,46.7300
2026-04-20 03:00:00,1.132200,53.1000,46.9000
2026-04-20 04:00:00,1.113700,52.6900,47.3100
2026-04-20 05:00:00,1.110600,52.6200,47.3800
2026-04-20 06:00:00,1.155600,53.6100,46.3900
2026-04-20 07:00:00,1.139500,53.2600,46.7400
2026-04-20 08:00:00,1.130400,53.0600,46.9400
2026-04-20 09:00:00,1.129000,53.0300,46.9700
2026-04-20 10:00:00,1.134000,53.1400,46.8600
2026-04-20 11:00:00,1.140900,53.2900,46.7100
2026-04-20 12:00:00,1.145000,53.3800,46.6200
2026-04-20 13:00:00,1.129900,53.0500,46.9500
2026-04-20 14:00:00,1.120400,52.8400,47.1600
2026-04-20 15:00:00,1.107500,52.5500,47.4500
2026-04-20 16:00:00,1.121800,52.8700,47.1300
2026-04-20 17:00:00,1.115500,52.7300,47.2700
2026-04-20 18:00:00,1.115500,52.7300,47.2700
2026-04-20 19:00:00,1.124000,52.9200,47.0800
2026-04-20 20:00:00,1.134900,53.1600,46.8400
2026-04-20 21:00:00,1.140400,53.2800,46.7200
2026-04-20 22:00:00,1.145500,53.3900,46.6100
2026-04-20 23:00:00,1.150500,53.5000,46.5000
2026-04-21 00:00:00,1.152400,53.5400,46.4600
2026-04-21 01:00:00,1.151500,53.5200,46.4800
2026-04-21 02:00:00,1.165900,53.8300,46.1700
2026-04-21 03:00:00,1.178600,54.1000,45.9000
2026-04-21 04:00:00,1.190100,54.3400,45.6600
2026-04-21 05:00:00,1.193900,54.4200,45.5800
2026-04-21 06:00:00,1.206500,54.6800,45.3200
2026-04-21 07:00:00,1.212400,54.8000,45.2000
2026-04-21 08:00:00,1.238100,55.3200,44.6800
2026-04-21 09:00:00,1.244700,55.4500,44.5500
2026-04-21 10:00:00,1.260400,55.7600,44.2400
2026-04-21 11:00:00,1.265500,55.8600,44.1400
2026-04-21 12:00:00,1.269100,55.9300,44.0700
2026-04-21 13:00:00,1.208000,54.7100,45.2900
2026-04-21 14:00:00,1.241600,55.3900,44.6100
2026-04-21 15:00:00,1.240600,55.3700,44.6300
2026-04-21 16:00:00,1.245200,55.4600,44.5400
2026-04-21 17:00:00,1.232600,55.2100,44.7900
2026-04-21 18:00:00,1.252300,55.6000,44.4000
2026-04-21 19:00:00,1.245700,55.4700,44.5300
2026-04-21 20:00:00,1.237100,55.3000,44.7000
2026-04-21 21:00:00,1.217800,54.9100,45.0900
2026-04-21 22:00:00,1.193500,54.4100,45.5900
2026-04-21 23:00:00,1.206500,54.6800,45.3200
2026-04-22 00:00:00,1.200700,54.5600,45.4400
2026-04-22 01:00:00,1.214800,54.8500,45.1500
2026-04-22 02:00:00,1.201700,54.5800,45.4200
2026-04-22 03:00:00,1.269100,55.9300,44.0700
2026-04-22 04:00:00,1.259400,55.7400,44.2600
2026-04-22 05:00:00,1.258400,55.7200,44.2800
2026-04-22 06:00:00,1.256800,55.6900,44.3100
2026-04-22 07:00:00,1.284100,56.2200,43.7800
2026-04-22 08:00:00,1.265500,55.8600,44.1400
2026-04-22 09:00:00,1.275300,56.0500,43.9500
2026-04-22 10:00:00,1.278400,56.1100,43.8900
2026-04-22 11:00:00,1.272200,55.9900,44.0100
2026-04-22 12:00:00,1.263500,55.8200,44.1800
2026-04-22 13:00:00,1.268100,55.9100,44.0900
2026-04-22 14:00:00,1.260900,55.7700,44.2300
2026-04-22 15:00:00,1.253800,55.6300,44.3700
2026-04-22 16:00:00,1.243700,55.4300,44.5700
2026-04-22 17:00:00,1.249700,55.5500,44.4500
2026-04-22 18:00:00,1.268600,55.9200,44.0800
2026-04-22 19:00:00,1.281000,56.1600,43.8400
2026-04-22 20:00:00,1.289400,56.3200,43.6800
2026-04-22 21:00:00,1.282600,56.1900,43.8100
2026-04-22 22:00:00,1.273800,56.0200,43.9800
2026-04-22 23:00:00,1.264500,55.8400,44.1600
2026-04-23 00:00:00,1.271200,55.9700,44.0300
2026-04-23 01:00:00,1.260900,55.7700,44.2300
2026-04-23 02:00:00,1.269600,55.9400,44.0600
2026-04-23 03:00:00,1.252800,55.6100,44.3900
2026-04-23 04:00:00,1.235600,55.2700,44.7300
2026-04-23 05:00:00,1.233600,55.2300,44.7700
2026-04-23 06:00:00,1.225200,55.0600,44.9400
2026-04-23 07:00:00,1.204600,54.6400,45.3600
2026-04-23 08:00:00,1.201200,54.5700,45.4300
2026-04-23 09:00:00,1.176300,54.0500,45.9500
2026-04-23 10:00:00,1.157000,53.6400,46.3600
2026-04-23 11:00:00,1.143200,53.3400,46.6600
2026-04-23 12:00:00,1.124000,52.9200,47.0800
2026-04-23 13:00:00,1.124900,52.9400,47.0600
2026-04-23 14:00:00,1.118600,52.8000,47.2000
2026-04-23 15:00:00,1.117300,52.7700,47.2300
2026-04-23 16:00:00,1.131700,53.0900,46.9100
2026-04-23 17:00:00,1.158900,53.6800,46.3200
2026-04-23 18:00:00,1.144100,53.3600,46.6400
2026-04-23 19:00:00,1.128100,53.0100,46.9900
2026-04-23 20:00:00,1.090300,52.1600,47.8400
2026-04-23 21:00:00,1.076000,51.8300,48.1700
2026-04-23 22:00:00,1.077300,51.8600,48.1400
2026-04-23 23:00:00,1.078600,51.8900,48.1100
2026-04-24 00:00:00,1.070000,51.6900,48.3100
2026-04-24 01:00:00,1.096400,52.3000,47.7000
2026-04-24 02:00:00,1.129900,53.0500,46.9500
2026-04-24 03:00:00,1.129000,53.0300,46.9700
2026-04-24 04:00:00,1.125400,52.9500,47.0500
2026-04-24 05:00:00,1.131700,53.0900,46.9100
2026-04-24 06:00:00,1.129000,53.0300,46.9700
2026-04-24 07:00:00,1.119500,52.8200,47.1800
2026-04-24 08:00:00,1.124000,52.9200,47.0800
2026-04-24 09:00:00,1.125900,52.9600,47.0400
2026-04-24 10:00:00,1.133600,53.1300,46.8700
2026-04-24 11:00:00,1.128100,53.0100,46.9900
2026-04-24 12:00:00,1.163100,53.7700,46.2300
2026-04-24 13:00:00,1.180100,54.1300,45.8700
2026-04-24 14:00:00,1.179600,54.1200,45.8800
2026-04-24 15:00:00,1.193500,54.4100,45.5900
2026-04-24 16:00:00,1.186700,54.2700,45.7300
2026-04-24 17:00:00,1.200700,54.5600,45.4400
2026-04-24 18:00:00,1.205100,54.6500,45.3500
2026-04-24 19:00:00,1.203600,54.6200,45.3800
2026-04-24 20:00:00,1.192500,54.3900,45.6100
2026-04-24 21:00:00,1.221700,54.9900,45.0100
2026-04-24 22:00:00,1.221200,54.9800,45.0200
2026-04-24 23:00:00,1.233100,55.2200,44.7800
2026-04-25 00:00:00,1.238100,55.3200,44.6800
2026-04-25 01:00:00,1.223700,55.0300,44.9700
2026-04-25 02:00:00,1.220700,54.9700,45.0300
2026-04-25 03:00:00,1.214800,54.8500,45.1500
2026-04-25 04:00:00,1.232100,55.2000,44.8000
2026-04-25 05:00:00,1.244200,55.4400,44.5600
2026-04-25 06:00:00,1.247700,55.5100,44.4900
2026-04-25 07:00:00,1.257300,55.7000,44.3000
2026-04-25 08:00:00,1.269600,55.9400,44.0600
2026-04-25 09:00:00,1.285200,56.2400,43.7600
2026-04-25 10:00:00,1.296700,56.4600,43.5400
2026-04-25 11:00:00,1.289400,56.3200,43.6800
2026-04-25 12:00:00,1.287800,56.2900,43.7100
2026-04-25 13:00:00,1.290400,56.3400,43.6600
2026-04-25 14:00:00,1.288300,56.3000,43.7000
2026-04-25 15:00:00,1.284700,56.2300,43.7700
2026-04-25 16:00:00,1.304100,56.6000,43.4000
2026-04-25 17:00:00,1.307300,56.6600,43.3400
2026-04-25 18:00:00,1.287300,56.2800,43.7200
2026-04-25 19:00:00,1.292000,56.3700,43.6300
2026-04-25 20:00:00,1.296200,56.4500,43.5500
2026-04-25 21:00:00,1.278400,56.1100,43.8900
2026-04-25 22:00:00,1.287300,56.2800,43.7200
2026-04-25 23:00:00,1.297800,56.4800,43.5200
2026-04-26 00:00:00,1.292000,56.3700,43.6300
2026-04-26 01:00:00,1.291500,56.3600,43.6400
2026-04-26 02:00:00,1.278900,56.1200,43.8800
2026-04-26 03:00:00,1.235100,55.2600,44.7400
2026-04-26 04:00:00,1.234600,55.2500,44.7500
2026-04-26 05:00:00,1.230200,55.1600,44.8400
2026-04-26 06:00:00,1.248700,55.5300,44.4700
2026-04-26 07:00:00,1.238600,55.3300,44.6700
2026-04-26 08:00:00,1.248200,55.5200,44.4800
2026-04-26 09:00:00,1.251700,55.5900,44.4100
2026-04-26 10:00:00,1.244200,55.4400,44.5600
2026-04-26 11:00:00,1.263500,55.8200,44.1800
2026-04-26 12:00:00,1.265000,55.8500,44.1500
2026-04-26 13:00:00,1.267100,55.8900,44.1100
2026-04-26 14:00:00,1.273200,56.0100,43.9900
2026-04-26 15:00:00,1.250200,55.5600,44.4400
2026-04-26 16:00:00,1.232100,55.2000,44.8000
2026-04-26 17:00:00,1.239600,55.3500,44.6500
2026-04-26 18:00:00,1.248700,55.5300,44.4700
2026-04-26 19:00:00,1.240100,55.3600,44.6400
2026-04-26 20:00:00,1.243200,55.4200,44.5800
2026-04-26 21:00:00,1.235100,55.2600,44.7400
2026-04-26 22:00:00,1.227700,55.1100,44.8900
2026-04-26 23:00:00,1.233100,55.2200,44.7800
2026-04-27 00:00:00,1.236100,55.2800,44.7200
2026-04-27 01:00:00,1.230200,55.1600,44.8400
2026-04-27 02:00:00,1.233100,55.2200,44.7800
2026-04-27 03:00:00,1.242200,55.4000,44.6000
2026-04-27 04:00:00,1.264500,55.8400,44.1600
2026-04-27 05:00:00,1.264500,55.8400,44.1600
2026-04-27 06:00:00,1.331500,57.1100,42.8900
2026-04-27 07:00:00,1.380400,57.9900,42.0100
2026-04-27 08:00:00,1.378700,57.9600,42.0400
2026-04-27 09:00:00,1.375900,57.9100,42.0900
2026-04-27 10:00:00,1.346900,57.3900,42.6100
2026-04-27 11:00:00,1.342500,57.3100,42.6900
2026-04-27 12:00:00,1.347400,57.4000,42.6000
2026-04-27 13:00:00,1.369100,57.7900,42.2100
2026-04-27 14:00:00,1.341400,57.2900,42.7100
2026-04-27 15:00:00,1.332600,57.1300,42.8700
2026-04-27 16:00:00,1.363500,57.6900,42.3100
2026-04-27 17:00:00,1.368000,57.7700,42.2300
2026-04-27 18:00:00,1.384400,58.0600,41.9400
2026-04-27 19:00:00,1.391200,58.1800,41.8200
2026-04-27 20:00:00,1.395800,58.2600,41.7400
2026-04-27 21:00:00,1.388300,58.1300,41.8700
2026-04-27 22:00:00,1.386600,58.1000,41.9000
2026-04-27 23:00:00,1.415500,58.6000,41.4000
2026-04-28 00:00:00,1.413700,58.5700,41.4300
2026-04-28 01:00:00,1.390100,58.1600,41.8400
2026-04-28 02:00:00,1.397500,58.2900,41.7100
2026-04-28 03:00:00,1.402700,58.3800,41.6200
2026-04-28 04:00:00,1.385500,58.0800,41.9200
2026-04-28 05:00:00,1.374200,57.8800,42.1200
2026-04-28 06:00:00,1.377000,57.9300,42.0700
2026-04-28 07:00:00,1.361300,57.6500,42.3500
2026-04-28 08:00:00,1.364600,57.7100,42.2900
2026-04-28 09:00:00,1.365700,57.7300,42.2700
2026-04-28 10:00:00,1.379800,57.9800,42.0200
2026-04-28 11:00:00,1.397500,58.2900,41.7100
2026-04-28 12:00:00,1.383200,58.0400,41.9600
2026-04-28 13:00:00,1.387200,58.1100,41.8900
2026-04-28 14:00:00,1.392300,58.2000,41.8000
2026-04-28 15:00:00,1.394100,58.2300,41.7700
2026-04-28 16:00:00,1.387800,58.1200,41.8800
2026-04-28 17:00:00,1.393500,58.2200,41.7800
2026-04-28 18:00:00,1.351800,57.4800,42.5200
2026-04-28 19:00:00,1.355700,57.5500,42.4500
2026-04-28 20:00:00,1.361800,57.6600,42.3400
2026-04-28 21:00:00,1.377000,57.9300,42.0700
2026-04-28 22:00:00,1.369700,57.8000,42.2000
2026-04-28 23:00:00,1.386100,58.0900,41.9100
2026-04-29 00:00:00,1.390100,58.1600,41.8400
2026-04-29 01:00:00,1.389500,58.1500,41.8500
2026-04-29 02:00:00,1.379800,57.9800,42.0200
2026-04-29 03:00:00,1.371400,57.8300,42.1700
2026-04-29 04:00:00,1.380400,57.9900,42.0100
2026-04-29 05:00:00,1.392300,58.2000,41.8000
2026-04-29 06:00:00,1.382700,58.0300,41.9700
2026-04-29 07:00:00,1.390600,58.1700,41.8300
2026-04-29 08:00:00,1.392300,58.2000,41.8000
2026-04-29 09:00:00,1.382700,58.0300,41.9700
2026-04-29 10:00:00,1.387800,58.1200,41.8800
2026-04-29 11:00:00,1.402100,58.3700,41.6300
2026-04-29 12:00:00,1.382700,58.0300,41.9700
2026-04-29 13:00:00,1.387200,58.1100,41.8900
2026-04-29 14:00:00,1.396400,58.2700,41.7300
2026-04-29 15:00:00,1.403800,58.4000,41.6000
2026-04-29 16:00:00,1.417800,58.6400,41.3600
2026-04-29 17:00:00,1.370200,57.8100,42.1900
2026-04-29 18:00:00,1.373000,57.8600,42.1400
2026-04-29 19:00:00,1.362400,57.6700,42.3300
2026-04-29 20:00:00,1.362400,57.6700,42.3300
2026-04-29 21:00:00,1.346300,57.3800,42.6200
2026-04-29 22:00:00,1.351800,57.4800,42.5200
2026-04-29 23:00:00,1.351300,57.4700,42.5300
2026-04-30 00:00:00,1.361800,57.6600,42.3400
2026-04-30 01:00:00,1.361800,57.6600,42.3400
2026-04-30 02:00:00,1.377000,57.9300,42.0700
2026-04-30 03:00:00,1.299400,56.5100,43.4900
2026-04-30 04:00:00,1.256800,55.6900,44.3100
2026-04-30 05:00:00,1.226700,55.0900,44.9100
2026-04-30 06:00:00,1.220700,54.9700,45.0300
2026-04-30 07:00:00,1.213900,54.8300,45.1700
2026-04-30 08:00:00,1.207000,54.6900,45.3100
2026-04-30 09:00:00,1.227700,55.1100,44.8900
2026-04-30 10:00:00,1.248700,55.5300,44.4700
2026-04-30 11:00:00,1.244700,55.4500,44.5500
2026-04-30 12:00:00,1.234100,55.2400,44.7600
2026-04-30 13:00:00,1.227700,55.1100,44.8900
2026-04-30 14:00:00,1.237600,55.3100,44.6900
2026-04-30 15:00:00,1.230600,55.1700,44.8300
2026-04-30 16:00:00,1.218300,54.9200,45.0800
2026-04-30 17:00:00,1.222200,55.0000,45.0000
2026-04-30 18:00:00,1.214300,54.8400,45.1600
2026-04-30 19:00:00,1.208000,54.7100,45.2900
2026-04-30 20:00:00,1.226700,55.0900,44.9100
2026-04-30 21:00:00,1.239600,55.3500,44.6500
2026-04-30 22:00:00,1.253300,55.6200,44.3800
2026-04-30 23:00:00,1.252800,55.6100,44.3900
2026-05-01 00:00:00,1.237100,55.3000,44.7000
2026-05-01 01:00:00,1.245700,55.4700,44.5300
2026-05-01 02:00:00,1.259900,55.7500,44.2500
2026-05-01 03:00:00,1.272200,55.9900,44.0100
2026-05-01 04:00:00,1.262400,55.8000,44.2000
2026-05-01 05:00:00,1.260400,55.7600,44.2400
2026-05-01 06:00:00,1.296700,56.4600,43.5400
2026-05-01 07:00:00,1.302600,56.5700,43.4300
2026-05-01 08:00:00,1.308400,56.6800,43.3200
2026-05-01 09:00:00,1.321300,56.9200,43.0800
2026-05-01 10:00:00,1.318600,56.8700,43.1300
2026-05-01 11:00:00,1.334800,57.1700,42.8300
2026-05-01 12:00:00,1.337500,57.2200,42.7800
2026-05-01 13:00:00,1.343600,57.3300,42.6700
2026-05-01 14:00:00,1.323400,56.9600,43.0400
2026-05-01 15:00:00,1.334800,57.1700,42.8300
2026-05-01 16:00:00,1.330500,57.0900,42.9100
2026-05-01 17:00:00,1.329900,57.0800,42.9200
2026-05-01 18:00:00,1.324000,56.9700,43.0300
2026-05-01 19:00:00,1.316400,56.8300,43.1700
2026-05-01 20:00:00,1.341900,57.3000,42.7000
2026-05-01 21:00:00,1.338100,57.2300,42.7700
2026-05-01 22:00:00,1.340800,57.2800,42.7200
2026-05-01 23:00:00,1.339200,57.2500,42.7500
2026-05-02 00:00:00,1.334800,57.1700,42.8300
2026-05-02 01:00:00,1.338600,57.2400,42.7600
2026-05-02 02:00:00,1.360200,57.6300,42.3700
2026-05-02 03:00:00,1.362900,57.6800,42.3200
2026-05-02 04:00:00,1.360700,57.6400,42.3600
2026-05-02 05:00:00,1.370800,57.8200,42.1800
2026-05-02 06:00:00,1.349100,57.4300,42.5700
2026-05-02 07:00:00,1.354000,57.5200,42.4800
2026-05-02 08:00:00,1.378700,57.9600,42.0400
2026-05-02 09:00:00,1.363500,57.6900,42.3100
2026-05-02 10:00:00,1.367400,57.7600,42.2400
2026-05-02 11:00:00,1.393500,58.2200,41.7800
2026-05-02 12:00:00,1.391200,58.1800,41.8200
2026-05-02 13:00:00,1.391800,58.1900,41.8100
2026-05-02 14:00:00,1.390600,58.1700,41.8300
2026-05-02 15:00:00,1.386100,58.0900,41.9100
2026-05-02 16:00:00,1.387200,58.1100,41.8900
2026-05-02 17:00:00,1.411400,58.5300,41.4700
2026-05-02 18:00:00,1.398700,58.3100,41.6900
2026-05-02 19:00:00,1.404400,58.4100,41.5900
2026-05-02 20:00:00,1.406200,58.4400,41.5600
2026-05-02 21:00:00,1.413700,58.5700,41.4300
2026-05-02 22:00:00,1.410800,58.5200,41.4800
2026-05-02 23:00:00,1.387800,58.1200,41.8800
2026-05-03 00:00:00,1.395800,58.2600,41.7400
2026-05-03 01:00:00,1.394600,58.2400,41.7600
2026-05-03 02:00:00,1.384400,58.0600,41.9400
2026-05-03 03:00:00,1.396400,58.2700,41.7300
2026-05-03 04:00:00,1.404400,58.4100,41.5900
2026-05-03 05:00:00,1.397500,58.2900,41.7100
2026-05-03 06:00:00,1.396900,58.2800,41.7200
2026-05-03 07:00:00,1.394100,58.2300,41.7700
2026-05-03 08:00:00,1.401000,58.3500,41.6500
2026-05-03 09:00:00,1.400400,58.3400,41.6600
2026-05-03 10:00:00,1.412500,58.5500,41.4500
2026-05-03 11:00:00,1.413100,58.5600,41.4400
2026-05-03 12:00:00,1.409100,58.4900,41.5100
2026-05-03 13:00:00,1.417200,58.6300,41.3700
2026-05-03 14:00:00,1.366300,57.7400,42.2600
2026-05-03 15:00:00,1.370800,57.8200,42.1800
2026-05-03 16:00:00,1.374700,57.8900,42.1100
2026-05-03 17:00:00,1.383200,58.0400,41.9600
2026-05-03 18:00:00,1.384400,58.0600,41.9400
2026-05-03 19:00:00,1.357900,57.5900,42.4100
2026-05-03 20:00:00,1.353500,57.5100,42.4900
2026-05-03 21:00:00,1.364600,57.7100,42.2900
2026-05-03 22:00:00,1.346900,57.3900,42.6100
2026-05-03 23:00:00,1.400400,58.3400,41.6600
2026-05-04 00:00:00,1.387200,58.1100,41.8900
2026-05-04 01:00:00,1.351300,57.4700,42.5300
2026-05-04 02:00:00,1.379300,57.9700,42.0300
2026-05-04 03:00:00,1.376400,57.9200,42.0800
2026-05-04 04:00:00,1.373600,57.8700,42.1300
2026-05-04 05:00:00,1.384900,58.0700,41.9300
2026-05-04 06:00:00,1.398100,58.3000,41.7000
2026-05-04 07:00:00,1.392300,58.2000,41.8000
2026-05-04 08:00:00,1.398700,58.3100,41.6900
2026-05-04 09:00:00,1.374700,57.8900,42.1100
2026-05-04 10:00:00,1.372500,57.8500,42.1500
2026-05-04 11:00:00,1.368000,57.7700,42.2300
2026-05-04 12:00:00,1.394600,58.2400,41.7600
2026-05-04 13:00:00,1.376400,57.9200,42.0800
2026-05-04 14:00:00,1.388300,58.1300,41.8700
2026-05-04 15:00:00,1.382700,58.0300,41.9700
2026-05-04 16:00:00,1.413100,58.5600,41.4400
2026-05-04 17:00:00,1.405600,58.4300,41.5700
2026-05-04 18:00:00,1.379800,57.9800,42.0200
2026-05-04 19:00:00,1.394100,58.2300,41.7700
2026-05-04 20:00:00,1.389500,58.1500,41.8500
2026-05-04 21:00:00,1.363500,57.6900,42.3100
2026-05-04 22:00:00,1.379800,57.9800,42.0200
2026-05-04 23:00:00,1.390600,58.1700,41.8300
2026-05-05 00:00:00,1.377600,57.9400,42.0600
2026-05-05 01:00:00,1.367400,57.7600,42.2400
2026-05-05 02:00:00,1.356800,57.5700,42.4300
2026-05-05 03:00:00,1.386100,58.0900,41.9100
2026-05-05 04:00:00,1.398700,58.3100,41.6900
2026-05-05 05:00:00,1.412500,58.5500,41.4500
2026-05-05 06:00:00,1.406700,58.4500,41.5500
2026-05-05 07:00:00,1.398100,58.3000,41.7000
2026-05-05 08:00:00,1.418400,58.6500,41.3500
2026-05-05 09:00:00,1.412500,58.5500,41.4500
2026-05-05 10:00:00,1.421900,58.7100,41.2900
2026-05-05 11:00:00,1.413100,58.5600,41.4400
2026-05-05 12:00:00,1.389500,58.1500,41.8500
2026-05-05 13:00:00,1.403800,58.4000,41.6000
2026-05-05 14:00:00,1.399200,58.3200,41.6800
2026-05-05 15:00:00,1.390600,58.1700,41.8300
2026-05-05 16:00:00,1.387800,58.1200,41.8800
2026-05-05 17:00:00,1.394600,58.2400,41.7600
2026-05-05 18:00:00,1.390600,58.1700,41.8300
2026-05-05 19:00:00,1.375300,57.9000,42.1000
2026-05-05 20:00:00,1.380400,57.9900,42.0100
2026-05-05 21:00:00,1.383800,58.0500,41.9500
2026-05-05 22:00:00,1.386100,58.0900,41.9100
2026-05-05 23:00:00,1.421300,58.7000,41.3000
2026-05-06 00:00:00,1.409100,58.4900,41.5100
2026-05-06 01:00:00,1.410800,58.5200,41.4800
2026-05-06 02:00:00,1.401500,58.3600,41.6400
2026-05-06 03:00:00,1.416000,58.6100,41.3900
2026-05-06 04:00:00,1.431300,58.8700,41.1300
2026-05-06 05:00:00,1.410800,58.5200,41.4800
2026-05-06 06:00:00,1.449800,59.1800,40.8200
2026-05-06 07:00:00,1.441400,59.0400,40.9600
2026-05-06 08:00:00,1.450400,59.1900,40.8100
2026-05-06 09:00:00,1.435500,58.9400,41.0600
2026-05-06 10:00:00,1.445000,59.1000,40.9000
2026-05-06 11:00:00,1.471000,59.5300,40.4700
2026-05-06 12:00:00,1.456400,59.2900,40.7100
2026-05-06 13:00:00,1.465500,59.4400,40.5600
2026-05-06 14:00:00,1.433100,58.9000,41.1000
2026-05-06 15:00:00,1.443200,59.0700,40.9300
2026-05-06 16:00:00,1.471000,59.5300,40.4700
2026-05-06 17:00:00,1.457600,59.3100,40.6900
2026-05-06 18:00:00,1.488200,59.8100,40.1900
2026-05-06 19:00:00,1.490700,59.8500,40.1500
2026-05-06 20:00:00,1.482000,59.7100,40.2900
2026-05-06 21:00:00,1.486300,59.7800,40.2200
2026-05-06 22:00:00,1.479500,59.6700,40.3300
2026-05-06 23:00:00,1.509400,60.1500,39.8500
2026-05-07 00:00:00,1.500600,60.0100,39.9900
2026-05-07 01:00:00,1.491900,59.8700,40.1300
2026-05-07 02:00:00,1.614400,61.7500,38.2500
2026-05-07 03:00:00,1.617100,61.7900,38.2100
2026-05-07 04:00:00,1.615100,61.7600,38.2400
2026-05-07 05:00:00,1.598800,61.5200,38.4800
2026-05-07 06:00:00,1.594700,61.4600,38.5400
2026-05-07 07:00:00,1.615100,61.7600,38.2400
2026-05-07 08:00:00,1.613700,61.7400,38.2600
2026-05-07 09:00:00,1.613700,61.7400,38.2600
2026-05-07 10:00:00,1.592700,61.4300,38.5700
2026-05-07 11:00:00,1.607600,61.6500,38.3500
2026-05-07 12:00:00,1.610300,61.6900,38.3100
2026-05-07 13:00:00,1.616400,61.7800,38.2200
2026-05-07 14:00:00,1.630900,61.9900,38.0100
2026-05-07 15:00:00,1.612300,61.7200,38.2800
2026-05-07 16:00:00,1.617100,61.7900,38.2100
2026-05-07 17:00:00,1.632300,62.0100,37.9900
2026-05-07 18:00:00,1.600100,61.5400,38.4600
2026-05-07 19:00:00,1.597400,61.5000,38.5000
2026-05-07 20:00:00,1.622600,61.8700,38.1300
2026-05-07 21:00:00,1.637800,62.0900,37.9100
2026-05-07 22:00:00,1.638500,62.1000,37.9000
2026-05-07 23:00:00,1.614400,61.7500,38.2500
2026-05-08 00:00:00,1.632300,62.0100,37.9900
2026-05-08 01:00:00,1.646200,62.2100,37.7900
2026-05-08 02:00:00,1.648300,62.2400,37.7600
2026-05-08 03:00:00,1.626100,61.9200,38.0800
2026-05-08 04:00:00,1.617800,61.8000,38.2000
2026-05-08 05:00:00,1.612300,61.7200,38.2800
2026-05-08 06:00:00,1.608200,61.6600,38.3400
2026-05-08 07:00:00,1.619200,61.8200,38.1800
2026-05-08 08:00:00,1.606200,61.6300,38.3700
2026-05-08 09:00:00,1.621900,61.8600,38.1400
2026-05-08 10:00:00,1.613700,61.7400,38.2600
2026-05-08 11:00:00,1.621900,61.8600,38.1400
2026-05-08 12:00:00,1.609600,61.6800,38.3200
2026-05-08 13:00:00,1.588000,61.3600,38.6400
2026-05-08 14:00:00,1.616400,61.7800,38.2200
2026-05-08 15:00:00,1.600100,61.5400,38.4600
2026-05-08 16:00:00,1.604800,61.6100,38.3900
2026-05-08 17:00:00,1.608200,61.6600,38.3400
2026-05-08 18:00:00,1.633000,62.0200,37.9800
2026-05-08 19:00:00,1.659600,62.4000,37.6000
2026-05-08 20:00:00,1.649700,62.2600,37.7400
2026-05-08 21:00:00,1.647600,62.2300,37.7700
2026-05-08 22:00:00,1.649700,62.2600,37.7400
2026-05-08 23:00:00,1.617800,61.8000,38.2000
2026-05-09 00:00:00,1.617100,61.7900,38.2100
2026-05-09 01:00:00,1.635000,62.0500,37.9500
2026-05-09 02:00:00,1.647600,62.2300,37.7700
2026-05-09 03:00:00,1.594000,61.4500,38.5500
2026-05-09 04:00:00,1.604200,61.6000,38.4000
2026-05-09 05:00:00,1.601500,61.5600,38.4400
2026-05-09 06:00:00,1.588700,61.3700,38.6300
2026-05-09 07:00:00,1.601500,61.5600,38.4400
2026-05-09 08:00:00,1.640600,62.1300,37.8700
2026-05-09 09:00:00,1.653200,62.3100,37.6900
2026-05-09 10:00:00,1.676700,62.6400,37.3600
2026-05-09 11:00:00,1.679500,62.6800,37.3200
2026-05-09 12:00:00,1.686700,62.7800,37.2200
2026-05-09 13:00:00,1.738200,63.4800,36.5200
2026-05-09 14:00:00,1.731500,63.3900,36.6100
2026-05-09 15:00:00,1.722600,63.2700,36.7300
2026-05-09 16:00:00,1.747300,63.6000,36.4000
2026-05-09 17:00:00,1.743500,63.5500,36.4500
2026-05-09 18:00:00,1.759400,63.7600,36.2400
2026-05-09 19:00:00,1.736700,63.4600,36.5400
2026-05-09 20:00:00,1.729300,63.3600,36.6400
2026-05-09 21:00:00,1.714400,63.1600,36.8400
2026-05-09 22:00:00,1.710000,63.1000,36.9000
2026-05-09 23:00:00,1.713000,63.1400,36.8600
2026-05-10 00:00:00,1.691100,62.8400,37.1600
2026-05-10 01:00:00,1.699100,62.9500,37.0500
2026-05-10 02:00:00,1.704900,63.0300,36.9700
2026-05-10 03:00:00,1.723300,63.2800,36.7200
2026-05-10 04:00:00,1.710800,63.1100,36.8900
2026-05-10 05:00:00,1.724800,63.3000,36.7000
2026-05-10 06:00:00,1.720300,63.2400,36.7600
2026-05-10 07:00:00,1.693200,62.8700,37.1300
2026-05-10 08:00:00,1.682400,62.7200,37.2800
2026-05-10 09:00:00,1.694700,62.8900,37.1100
2026-05-10 10:00:00,1.709300,63.0900,36.9100
2026-05-10 11:00:00,1.719600,63.2300,36.7700
2026-05-10 12:00:00,1.727800,63.3400,36.6600
2026-05-10 13:00:00,1.716700,63.1900,36.8100
2026-05-10 14:00:00,1.602100,61.5700,38.4300
2026-05-10 15:00:00,1.585300,61.3200,38.6800
2026-05-10 16:00:00,1.568700,61.0700,38.9300
2026-05-10 17:00:00,1.578000,61.2100,38.7900
2026-05-10 18:00:00,1.572700,61.1300,38.8700
2026-05-10 19:00:00,1.607600,61.6500,38.3500
2026-05-10 20:00:00,1.628100,61.9500,38.0500
2026-05-10 21:00:00,1.626100,61.9200,38.0800
2026-05-10 22:00:00,1.595400,61.4700,38.5300
2026-05-10 23:00:00,1.625400,61.9100,38.0900
2026-05-11 00:00:00,1.628100,61.9500,38.0500
2026-05-11 01:00:00,1.628100,61.9500,38.0500
2026-05-11 02:00:00,1.642000,62.1500,37.8500
2026-05-11 03:00:00,1.652500,62.3000,37.7000
2026-05-11 04:00:00,1.642000,62.1500,37.8500
2026-05-11 05:00:00,1.649700,62.2600,37.7400
2026-05-11 06:00:00,1.642700,62.1600,37.8400
2026-05-11 07:00:00,1.657500,62.3700,37.6300
2026-05-11 08:00:00,1.661000,62.4200,37.5800
2026-05-11 09:00:00,1.677400,62.6500,37.3500
2026-05-11 10:00:00,1.660300,62.4100,37.5900
2026-05-11 11:00:00,1.668800,62.5300,37.4700
2026-05-11 12:00:00,1.662400,62.4400,37.5600
2026-05-11 13:00:00,1.645500,62.2000,37.8000
2026-05-11 14:00:00,1.649700,62.2600,37.7400
2026-05-11 15:00:00,1.655300,62.3400,37.6600
2026-05-11 16:00:00,1.640600,62.1300,37.8700
2026-05-11 17:00:00,1.640600,62.1300,37.8700
2026-05-11 18:00:00,1.653200,62.3100,37.6900
2026-05-11 19:00:00,1.645500,62.2000,37.8000
2026-05-11 20:00:00,1.659600,62.4000,37.6000
2026-05-11 21:00:00,1.662400,62.4400,37.5600
2026-05-11 22:00:00,1.669500,62.5400,37.4600
2026-05-11 23:00:00,1.678100,62.6600,37.3400
2026-05-12 00:00:00,1.740500,63.5100,36.4900
2026-05-12 01:00:00,1.729300,63.3600,36.6400
2026-05-12 02:00:00,1.734500,63.4300,36.5700
2026-05-12 03:00:00,1.715200,63.1700,36.8300
2026-05-12 04:00:00,1.692500,62.8600,37.1400
2026-05-12 05:00:00,1.681700,62.7100,37.2900
2026-05-12 06:00:00,1.675900,62.6300,37.3700
2026-05-12 07:00:00,1.694700,62.8900,37.1100
2026-05-12 08:00:00,1.718100,63.2100,36.7900
2026-05-12 09:00:00,1.681000,62.7000,37.3000
2026-05-12 10:00:00,1.702000,62.9900,37.0100
2026-05-12 11:00:00,1.701200,62.9800,37.0200
2026-05-12 12:00:00,1.710000,63.1000,36.9000
2026-05-12 13:00:00,1.700500,62.9700,37.0300
2026-05-12 14:00:00,1.685300,62.7600,37.2400
2026-05-12 15:00:00,1.653200,62.3100,37.6900
2026-05-12 16:00:00,1.702700,63.0000,37.0000
2026-05-12 17:00:00,1.691100,62.8400,37.1600
2026-05-12 18:00:00,1.661700,62.4300,37.5700
2026-05-12 19:00:00,1.635700,62.0600,37.9400
2026-05-12 20:00:00,1.631600,62.0000,38.0000
2026-05-12 21:00:00,1.621900,61.8600,38.1400
2026-05-12 22:00:00,1.643400,62.1700,37.8300
2026-05-12 23:00:00,1.638500,62.1000,37.9000
2026-05-13 00:00:00,1.660300,62.4100,37.5900
2026-05-13 01:00:00,1.686000,62.7700,37.2300
2026-05-13 02:00:00,1.686000,62.7700,37.2300
2026-05-13 03:00:00,1.704200,63.0200,36.9800
2026-05-13 04:00:00,1.699100,62.9500,37.0500
2026-05-13 05:00:00,1.668100,62.5200,37.4800
2026-05-13 06:00:00,1.678100,62.6600,37.3400
2026-05-13 07:00:00,1.647600,62.2300,37.7700
2026-05-13 08:00:00,1.665200,62.4800,37.5200
2026-05-13 09:00:00,1.667400,62.5100,37.4900
2026-05-13 10:00:00,1.668100,62.5200,37.4800
2026-05-13 11:00:00,1.663800,62.4600,37.5400
2026-05-13 12:00:00,1.675900,62.6300,37.3700
2026-05-13 13:00:00,1.696100,62.9100,37.0900
2026-05-13 14:00:00,1.648300,62.2400,37.7600
2026-05-13 15:00:00,1.656700,62.3600,37.6400
2026-05-13 16:00:00,1.640600,62.1300,37.8700
2026-05-13 17:00:00,1.600800,61.5500,38.4500
2026-05-13 18:00:00,1.585300,61.3200,38.6800
2026-05-13 19:00:00,1.594700,61.4600,38.5400
2026-05-13 20:00:00,1.637800,62.0900,37.9100
2026-05-13 21:00:00,1.620500,61.8400,38.1600
2026-05-13 22:00:00,1.613000,61.7300,38.2700
2026-05-13 23:00:00,1.604800,61.6100,38.3900
2026-05-14 00:00:00,1.608900,61.6700,38.3300
2026-05-14 01:00:00,1.607600,61.6500,38.3500
2026-05-14 02:00:00,1.638500,62.1000,37.9000
2026-05-14 03:00:00,1.674500,62.6100,37.3900
2026-05-14 04:00:00,1.678100,62.6600,37.3400
2026-05-14 05:00:00,1.675200,62.6200,37.3800
2026-05-14 06:00:00,1.622600,61.8700,38.1300
2026-05-14 07:00:00,1.645500,62.2000,37.8000
2026-05-14 08:00:00,1.602800,61.5800,38.4200
2026-05-14 09:00:00,1.584600,61.3100,38.6900
2026-05-14 10:00:00,1.581300,61.2600,38.7400
2026-05-14 11:00:00,1.576000,61.1800,38.8200
2026-05-14 12:00:00,1.588700,61.3700,38.6300
2026-05-14 13:00:00,1.589300,61.3800,38.6200
2026-05-14 14:00:00,1.595400,61.4700,38.5300
2026-05-14 15:00:00,1.591300,61.4100,38.5900
2026-05-14 16:00:00,1.623300,61.8800,38.1200
2026-05-14 17:00:00,1.626100,61.9200,38.0800
2026-05-14 18:00:00,1.635000,62.0500,37.9500
2026-05-14 19:00:00,1.631600,62.0000,38.0000
2026-05-14 20:00:00,1.669500,62.5400,37.4600
2026-05-14 21:00:00,1.655300,62.3400,37.6600
2026-05-14 22:00:00,1.653200,62.3100,37.6900
2026-05-14 23:00:00,1.665200,62.4800,37.5200
2026-05-15 00:00:00,1.665200,62.4800,37.5200
2026-05-15 01:00:00,1.678100,62.6600,37.3400
2026-05-15 02:00:00,1.694000,62.8800,37.1200
2026-05-15 03:00:00,1.682400,62.7200,37.2800
2026-05-15 04:00:00,1.677400,62.6500,37.3500
2026-05-15 05:00:00,1.686700,62.7800,37.2200
2026-05-15 06:00:00,1.684600,62.7500,37.2500
2026-05-15 07:00:00,1.709300,63.0900,36.9100
2026-05-15 08:00:00,1.710800,63.1100,36.8900
2026-05-15 09:00:00,1.691100,62.8400,37.1600
2026-05-15 10:00:00,1.698300,62.9400,37.0600
2026-05-15 11:00:00,1.691100,62.8400,37.1600
2026-05-15 12:00:00,1.654600,62.3300,37.6700
2026-05-15 13:00:00,1.655300,62.3400,37.6600
2026-05-15 14:00:00,1.629500,61.9700,38.0300
2026-05-15 15:00:00,1.617100,61.7900,38.2100
2026-05-15 16:00:00,1.602800,61.5800,38.4200
2026-05-15 17:00:00,1.600100,61.5400,38.4600
2026-05-15 18:00:00,1.590000,61.3900,38.6100
2026-05-15 19:00:00,1.600800,61.5500,38.4500
2026-05-15 20:00:00,1.592700,61.4300,38.5700
2026-05-15 21:00:00,1.586700,61.3400,38.6600
2026-05-15 22:00:00,1.559500,60.9300,39.0700
2026-05-15 23:00:00,1.568100,61.0600,38.9400
2026-05-16 00:00:00,1.529700,60.4700,39.5300
2026-05-16 01:00:00,1.540000,60.6300,39.3700
2026-05-16 02:00:00,1.568100,61.0600,38.9400
2026-05-16 03:00:00,1.564100,61.0000,39.0000
2026-05-16 04:00:00,1.547100,60.7400,39.2600
2026-05-16 05:00:00,1.549700,60.7800,39.2200
2026-05-16 06:00:00,1.547800,60.7500,39.2500
2026-05-16 07:00:00,1.531600,60.5000,39.5000
2026-05-16 08:00:00,1.539400,60.6200,39.3800
2026-05-16 09:00:00,1.525900,60.4100,39.5900
2026-05-16 10:00:00,1.551000,60.8000,39.2000
2026-05-16 11:00:00,1.545800,60.7200,39.2800
2026-05-16 12:00:00,1.556200,60.8800,39.1200
2026-05-16 13:00:00,1.538100,60.6000,39.4000
2026-05-16 14:00:00,1.508200,60.1300,39.8700
2026-05-16 15:00:00,1.509400,60.1500,39.8500
2026-05-16 16:00:00,1.501300,60.0200,39.9800
2026-05-16 17:00:00,1.503100,60.0500,39.9500
2026-05-16 18:00:00,1.498100,59.9700,40.0300
2026-05-16 19:00:00,1.505000,60.0800,39.9200
2026-05-16 20:00:00,1.506900,60.1100,39.8900
2026-05-16 21:00:00,1.512600,60.2000,39.8000
2026-05-16 22:00:00,1.517000,60.2700,39.7300
2026-05-16 23:00:00,1.525900,60.4100,39.5900
2026-05-17 00:00:00,1.523300,60.3700,39.6300
2026-05-17 01:00:00,1.522700,60.3600,39.6400
2026-05-17 02:00:00,1.526500,60.4200,39.5800
2026-05-17 03:00:00,1.525300,60.4000,39.6000
2026-05-17 04:00:00,1.513800,60.2200,39.7800
2026-05-17 05:00:00,1.510000,60.1600,39.8400
2026-05-17 06:00:00,1.510000,60.1600,39.8400
2026-05-17 07:00:00,1.504400,60.0700,39.9300
2026-05-17 08:00:00,1.512600,60.2000,39.8000
2026-05-17 09:00:00,1.520200,60.3200,39.6800
2026-05-17 10:00:00,1.523300,60.3700,39.6300
2026-05-17 11:00:00,1.518900,60.3000,39.7000
2026-05-17 12:00:00,1.525300,60.4000,39.6000
2026-05-17 13:00:00,1.524600,60.3900,39.6100
2026-05-17 14:00:00,1.527800,60.4400,39.5600
2026-05-17 15:00:00,1.522700,60.3600,39.6400
2026-05-17 16:00:00,1.533600,60.5300,39.4700
2026-05-17 17:00:00,1.514500,60.2300,39.7700
2026-05-17 18:00:00,1.521400,60.3400,39.6600
2026-05-17 19:00:00,1.529700,60.4700,39.5300
2026-05-17 20:00:00,1.536100,60.5700,39.4300
2026-05-17 21:00:00,1.527800,60.4400,39.5600
2026-05-17 22:00:00,1.527800,60.4400,39.5600
2026-05-17 23:00:00,1.520200,60.3200,39.6800
2026-05-18 00:00:00,1.521400,60.3400,39.6600
2026-05-18 01:00:00,1.475900,59.6100,40.3900
2026-05-18 02:00:00,1.482000,59.7100,40.2900
2026-05-18 03:00:00,1.477100,59.6300,40.3700
2026-05-18 04:00:00,1.493800,59.9000,40.1000
2026-05-18 05:00:00,1.515700,60.2500,39.7500
2026-05-18 06:00:00,1.483200,59.7300,40.2700
2026-05-18 07:00:00,1.470400,59.5200,40.4800
2026-05-18 08:00:00,1.462400,59.3900,40.6100
2026-05-18 09:00:00,1.463100,59.4000,40.6000
2026-05-18 10:00:00,1.464300,59.4200,40.5800
2026-05-18 11:00:00,1.442000,59.0500,40.9500
2026-05-18 12:00:00,1.445600,59.1100,40.8900
2026-05-18 13:00:00,1.453400,59.2400,40.7600
2026-05-18 14:00:00,1.466700,59.4600,40.5400
2026-05-18 15:00:00,1.470400,59.5200,40.4800
2026-05-18 16:00:00,1.457600,59.3100,40.6900
2026-05-18 17:00:00,1.422500,58.7200,41.2800
2026-05-18 18:00:00,1.427200,58.8000,41.2000
2026-05-18 19:00:00,1.419000,58.6600,41.3400
2026-05-18 20:00:00,1.417200,58.6300,41.3700
2026-05-18 21:00:00,1.414300,58.5800,41.4200
2026-05-18 22:00:00,1.443200,59.0700,40.9300
2026-05-18 23:00:00,1.441400,59.0400,40.9600
2026-05-19 00:00:00,1.440800,59.0300,40.9700
2026-05-19 01:00:00,1.464900,59.4300,40.5700
2026-05-19 02:00:00,1.453400,59.2400,40.7600
2026-05-19 03:00:00,1.469100,59.5000,40.5000
2026-05-19 04:00:00,1.470400,59.5200,40.4800
2026-05-19 05:00:00,1.465500,59.4400,40.5600
2026-05-19 06:00:00,1.461200,59.3700,40.6300
2026-05-19 07:00:00,1.455800,59.2800,40.7200
2026-05-19 08:00:00,1.474000,59.5800,40.4200
2026-05-19 09:00:00,1.467900,59.4800,40.5200
2026-05-19 10:00:00,1.460600,59.3600,40.6400
2026-05-19 11:00:00,1.427800,58.8100,41.1900
2026-05-19 12:00:00,1.420700,58.6900,41.3100
2026-05-19 13:00:00,1.423700,58.7400,41.2600
2026-05-19 14:00:00,1.438400,58.9900,41.0100
2026-05-19 15:00:00,1.440200,59.0200,40.9800
2026-05-19 16:00:00,1.430700,58.8600,41.1400
2026-05-19 17:00:00,1.426600,58.7900,41.2100
2026-05-19 18:00:00,1.421300,58.7000,41.3000
2026-05-19 19:00:00,1.421900,58.7100,41.2900
2026-05-19 20:00:00,1.396900,58.2800,41.7200
2026-05-19 21:00:00,1.402100,58.3700,41.6300
2026-05-19 22:00:00,1.399800,58.3300,41.6700
2026-05-19 23:00:00,1.425400,58.7700,41.2300
2026-05-20 00:00:00,1.441400,59.0400,40.9600
2026-05-20 01:00:00,1.444400,59.0900,40.9100
2026-05-20 02:00:00,1.409100,58.4900,41.5100
2026-05-20 03:00:00,1.433700,58.9100,41.0900
2026-05-20 04:00:00,1.401000,58.3500,41.6500
2026-05-20 05:00:00,1.362400,57.6700,42.3300
2026-05-20 06:00:00,1.372500,57.8500,42.1500
2026-05-20 07:00:00,1.373600,57.8700,42.1300
2026-05-20 08:00:00,1.379800,57.9800,42.0200
2026-05-20 09:00:00,1.371400,57.8300,42.1700
2026-05-20 10:00:00,1.357900,57.5900,42.4100
2026-05-20 11:00:00,1.293600,56.4000,43.6000
2026-05-20 12:00:00,1.295200,56.4300,43.5700
2026-05-20 13:00:00,1.294600,56.4200,43.5800
2026-05-20 14:00:00,1.294600,56.4200,43.5800
2026-05-20 15:00:00,1.286800,56.2700,43.7300
2026-05-20 16:00:00,1.288300,56.3000,43.7000
2026-05-20 17:00:00,1.287300,56.2800,43.7200
2026-05-20 18:00:00,1.392300,58.2000,41.8000
2026-05-20 19:00:00,1.397500,58.2900,41.7100
2026-05-20 20:00:00,1.403800,58.4000,41.6000
2026-05-20 21:00:00,1.403800,58.4000,41.6000
2026-05-20 22:00:00,1.428400,58.8200,41.1800
2026-05-20 23:00:00,1.416000,58.6100,41.3900
2026-05-21 00:00:00,1.422500,58.7200,41.2800
2026-05-21 01:00:00,1.423700,58.7400,41.2600
2026-05-21 02:00:00,1.417200,58.6300,41.3700
2026-05-21 03:00:00,1.425400,58.7700,41.2300
2026-05-21 04:00:00,1.410800,58.5200,41.4800
2026-05-21 05:00:00,1.416600,58.6200,41.3800
2026-05-21 06:00:00,1.424200,58.7500,41.2500
2026-05-21 07:00:00,1.431300,58.8700,41.1300
2026-05-21 08:00:00,1.448000,59.1500,40.8500
2026-05-21 09:00:00,1.454000,59.2500,40.7500
2026-05-21 10:00:00,1.446200,59.1200,40.8800
2026-05-21 11:00:00,1.466100,59.4500,40.5500
2026-05-21 12:00:00,1.437800,58.9800,41.0200
2026-05-21 13:00:00,1.452200,59.2200,40.7800
2026-05-21 14:00:00,1.467300,59.4700,40.5300
2026-05-21 15:00:00,1.478900,59.6600,40.3400
2026-05-21 16:00:00,1.467300,59.4700,40.5300
2026-05-21 17:00:00,1.474600,59.5900,40.4100
2026-05-21 18:00:00,1.487600,59.8000,40.2000
2026-05-21 19:00:00,1.469100,59.5000,40.5000
2026-05-21 20:00:00,1.491300,59.8600,40.1400
2026-05-21 21:00:00,1.510700,60.1700,39.8300
2026-05-21 22:00:00,1.520200,60.3200,39.6800
2026-05-21 23:00:00,1.509400,60.1500,39.8500
2026-05-22 00:00:00,1.515700,60.2500,39.7500
2026-05-22 01:00:00,1.510000,60.1600,39.8400
2026-05-22 02:00:00,1.519500,60.3100,39.6900
2026-05-22 03:00:00,1.536100,60.5700,39.4300
2026-05-22 04:00:00,1.517000,60.2700,39.7300
2026-05-22 05:00:00,1.531000,60.4900,39.5100
2026-05-22 06:00:00,1.524000,60.3800,39.6200
2026-05-22 07:00:00,1.522100,60.3500,39.6500
2026-05-22 08:00:00,1.530400,60.4800,39.5200
2026-05-22 09:00:00,1.538100,60.6000,39.4000
2026-05-22 10:00:00,1.527200,60.4300,39.5700
2026-05-22 11:00:00,1.494400,59.9100,40.0900
2026-05-22 12:00:00,1.491300,59.8600,40.1400
2026-05-22 13:00:00,1.503800,60.0600,39.9400
2026-05-22 14:00:00,1.503800,60.0600,39.9400
2026-05-22 15:00:00,1.509400,60.1500,39.8500
2026-05-22 16:00:00,1.493100,59.8900,40.1100
2026-05-22 17:00:00,1.484500,59.7500,40.2500
2026-05-22 18:00:00,1.485100,59.7600,40.2400
2026-05-22 19:00:00,1.493800,59.9000,40.1000
2026-05-22 20:00:00,1.506900,60.1100,39.8900
2026-05-22 21:00:00,1.536800,60.5800,39.4200
2026-05-22 22:00:00,1.547100,60.7400,39.2600
2026-05-22 23:00:00,1.550400,60.7900,39.2100
2026-05-23 00:00:00,1.520200,60.3200,39.6800
2026-05-23 01:00:00,1.522100,60.3500,39.6500
2026-05-23 02:00:00,1.511900,60.1900,39.8100
2026-05-23 03:00:00,1.510700,60.1700,39.8300
2026-05-23 04:00:00,1.529700,60.4700,39.5300
2026-05-23 05:00:00,1.532900,60.5200,39.4800
2026-05-23 06:00:00,1.531600,60.5000,39.5000
2026-05-23 07:00:00,1.547100,60.7400,39.2600
2026-05-23 08:00:00,1.591300,61.4100,38.5900
2026-05-23 09:00:00,1.575300,61.1700,38.8300
2026-05-23 10:00:00,1.578600,61.2200,38.7800
2026-05-23 11:00:00,1.553000,60.8300,39.1700
2026-05-23 12:00:00,1.549100,60.7700,39.2300
2026-05-23 13:00:00,1.558200,60.9100,39.0900
2026-05-23 14:00:00,1.566100,61.0300,38.9700
2026-05-23 15:00:00,1.548400,60.7600,39.2400
2026-05-23 16:00:00,1.556200,60.8800,39.1200
2026-05-23 17:00:00,1.548400,60.7600,39.2400
2026-05-23 18:00:00,1.554300,60.8500,39.1500
2026-05-23 19:00:00,1.562800,60.9800,39.0200
2026-05-23 20:00:00,1.558200,60.9100,39.0900
2026-05-23 21:00:00,1.558900,60.9200,39.0800
2026-05-23 22:00:00,1.586700,61.3400,38.6600
2026-05-23 23:00:00,1.600100,61.5400,38.4600
2026-05-24 00:00:00,1.606200,61.6300,38.3700
2026-05-24 01:00:00,1.606200,61.6300,38.3700
2026-05-24 02:00:00,1.664500,62.4700,37.5300
2026-05-24 03:00:00,1.713000,63.1400,36.8600
2026-05-24 04:00:00,1.694700,62.8900,37.1100
2026-05-24 05:00:00,1.698300,62.9400,37.0600
2026-05-24 06:00:00,1.704900,63.0300,36.9700
2026-05-24 07:00:00,1.708600,63.0800,36.9200
2026-05-24 08:00:00,1.707800,63.0700,36.9300
2026-05-24 09:00:00,1.699100,62.9500,37.0500
2026-05-24 10:00:00,1.696100,62.9100,37.0900
2026-05-24 11:00:00,1.708600,63.0800,36.9200
2026-05-24 12:00:00,1.688900,62.8100,37.1900
2026-05-24 13:00:00,1.703400,63.0100,36.9900
2026-05-24 14:00:00,1.693200,62.8700,37.1300
2026-05-24 15:00:00,1.697600,62.9300,37.0700
2026-05-24 16:00:00,1.689600,62.8200,37.1800
2026-05-24 17:00:00,1.694700,62.8900,37.1100
2026-05-24 18:00:00,1.685300,62.7600,37.2400
2026-05-24 19:00:00,1.684600,62.7500,37.2500
2026-05-24 20:00:00,1.680200,62.6900,37.3100
2026-05-24 21:00:00,1.678100,62.6600,37.3400
2026-05-24 22:00:00,1.688900,62.8100,37.1900
2026-05-24 23:00:00,1.683100,62.7300,37.2700
2026-05-25 00:00:00,1.676700,62.6400,37.3600
2026-05-25 01:00:00,1.674500,62.6100,37.3900
2026-05-25 02:00:00,1.679500,62.6800,37.3200
2026-05-25 03:00:00,1.677400,62.6500,37.3500
2026-05-25 04:00:00,1.683800,62.7400,37.2600
2026-05-25 05:00:00,1.671700,62.5700,37.4300
2026-05-25 06:00:00,1.633000,62.0200,37.9800
2026-05-25 07:00:00,1.618500,61.8100,38.1900
2026-05-25 08:00:00,1.591300,61.4100,38.5900
2026-05-25 09:00:00,1.576700,61.1900,38.8100
2026-05-25 10:00:00,1.601500,61.5600,38.4400
2026-05-25 11:00:00,1.598100,61.5100,38.4900
2026-05-25 12:00:00,1.590700,61.4000,38.6000
2026-05-25 13:00:00,1.561500,60.9600,39.0400
2026-05-25 14:00:00,1.557500,60.9000,39.1000
2026-05-25 15:00:00,1.553000,60.8300,39.1700
2026-05-25 16:00:00,1.550400,60.7900,39.2100
2026-05-25 17:00:00,1.527200,60.4300,39.5700
2026-05-25 18:00:00,1.513200,60.2100,39.7900
2026-05-25 19:00:00,1.513800,60.2200,39.7800
2026-05-25 20:00:00,1.513200,60.2100,39.7900
2026-05-25 21:00:00,1.520800,60.3300,39.6700
2026-05-25 22:00:00,1.542600,60.6700,39.3300
2026-05-25 23:00:00,1.543200,60.6800,39.3200
2026-05-26 00:00:00,1.547800,60.7500,39.2500
2026-05-26 01:00:00,1.549100,60.7700,39.2300
2026-05-26 02:00:00,1.558900,60.9200,39.0800
2026-05-26 03:00:00,1.550400,60.7900,39.2100
2026-05-26 04:00:00,1.545200,60.7100,39.2900
2026-05-26 05:00:00,1.547800,60.7500,39.2500
2026-05-26 06:00:00,1.538700,60.6100,39.3900
2026-05-26 07:00:00,1.540000,60.6300,39.3700
2026-05-26 08:00:00,1.524600,60.3900,39.6100
2026-05-26 09:00:00,1.503100,60.0500,39.9500
2026-05-26 10:00:00,1.522700,60.3600,39.6400
2026-05-26 11:00:00,1.522100,60.3500,39.6500
2026-05-26 12:00:00,1.534200,60.5400,39.4600
2026-05-26 13:00:00,1.529100,60.4600,39.5400
2026-05-26 14:00:00,1.538100,60.6000,39.4000
2026-05-26 15:00:00,1.551700,60.8100,39.1900
2026-05-26 16:00:00,1.545800,60.7200,39.2800
2026-05-26 17:00:00,1.515100,60.2400,39.7600
2026-05-26 18:00:00,1.510000,60.1600,39.8400
2026-05-26 19:00:00,1.518300,60.2900,39.7100
2026-05-26 20:00:00,1.503100,60.0500,39.9500
2026-05-26 21:00:00,1.518300,60.2900,39.7100
2026-05-26 22:00:00,1.497500,59.9600,40.0400
2026-05-26 23:00:00,1.506300,60.1000,39.9000
2026-05-27 00:00:00,1.513800,60.2200,39.7800
2026-05-27 01:00:00,1.507500,60.1200,39.8800
2026-05-27 02:00:00,1.511300,60.1800,39.8200
2026-05-27 03:00:00,1.510000,60.1600,39.8400
2026-05-27 04:00:00,1.541300,60.6500,39.3500
2026-05-27 05:00:00,1.531000,60.4900,39.5100
2026-05-27 06:00:00,1.562800,60.9800,39.0200
2026-05-27 07:00:00,1.574000,61.1500,38.8500
2026-05-27 08:00:00,1.562800,60.9800,39.0200
2026-05-27 09:00:00,1.555600,60.8700,39.1300
2026-05-27 10:00:00,1.543900,60.6900,39.3100
2026-05-27 11:00:00,1.547800,60.7500,39.2500
2026-05-27 12:00:00,1.483200,59.7300,40.2700
2026-05-27 13:00:00,1.479500,59.6700,40.3300
2026-05-27 14:00:00,1.497500,59.9600,40.0400
2026-05-27 15:00:00,1.514500,60.2300,39.7700
2026-05-27 16:00:00,1.531000,60.4900,39.5100
2026-05-27 17:00:00,1.503800,60.0600,39.9400
2026-05-27 18:00:00,1.506900,60.1100,39.8900
2026-05-27 19:00:00,1.500600,60.0100,39.9900
2026-05-27 20:00:00,1.525900,60.4100,39.5900
2026-05-27 21:00:00,1.552300,60.8200,39.1800
2026-05-27 22:00:00,1.551700,60.8100,39.1900
2026-05-27 23:00:00,1.630900,61.9900,38.0100
2026-05-28 00:00:00,1.630900,61.9900,38.0100
2026-05-28 01:00:00,1.619200,61.8200,38.1800
2026-05-28 02:00:00,1.602100,61.5700,38.4300
2026-05-28 03:00:00,1.588000,61.3600,38.6400
2026-05-28 04:00:00,1.574000,61.1500,38.8500
2026-05-28 05:00:00,1.580000,61.2400,38.7600
2026-05-28 06:00:00,1.589300,61.3800,38.6200
2026-05-28 07:00:00,1.588700,61.3700,38.6300
2026-05-28 08:00:00,1.585300,61.3200,38.6800
2026-05-28 09:00:00,1.590700,61.4000,38.6000
2026-05-28 10:00:00,1.584000,61.3000,38.7000
2026-05-28 11:00:00,1.570000,61.0900,38.9100
2026-05-28 12:00:00,1.558200,60.9100,39.0900
2026-05-28 13:00:00,1.590000,61.3900,38.6100
2026-05-28 14:00:00,1.583300,61.2900,38.7100
2026-05-28 15:00:00,1.558900,60.9200,39.0800
2026-05-28 16:00:00,1.545200,60.7100,39.2900
2026-05-28 17:00:00,1.545800,60.7200,39.2800
2026-05-28 18:00:00,1.549700,60.7800,39.2200
2026-05-28 19:00:00,1.534200,60.5400,39.4600
2026-05-28 20:00:00,1.533600,60.5300,39.4700
2026-05-28 21:00:00,1.531600,60.5000,39.5000
2026-05-28 22:00:00,1.529100,60.4600,39.5400
2026-05-28 23:00:00,1.531000,60.4900,39.5100
2026-05-29 00:00:00,1.541300,60.6500,39.3500
2026-05-29 01:00:00,1.541900,60.6600,39.3400
2026-05-29 02:00:00,1.549100,60.7700,39.2300
2026-05-29 03:00:00,1.542600,60.6700,39.3300
2026-05-29 04:00:00,1.561500,60.9600,39.0400
2026-05-29 05:00:00,1.549700,60.7800,39.2200
2026-05-29 06:00:00,1.574700,61.1600,38.8400
2026-05-29 07:00:00,1.598100,61.5100,38.4900
2026-05-29 08:00:00,1.594700,61.4600,38.5400
2026-05-29 09:00:00,1.592700,61.4300,38.5700
2026-05-29 10:00:00,1.594000,61.4500,38.5500
2026-05-29 11:00:00,1.616400,61.7800,38.2200
2026-05-29 12:00:00,1.621200,61.8500,38.1500
2026-05-29 13:00:00,1.572000,61.1200,38.8800
2026-05-29 14:00:00,1.592000,61.4200,38.5800
2026-05-29 15:00:00,1.590700,61.4000,38.6000
2026-05-29 16:00:00,1.586000,61.3300,38.6700
2026-05-29 17:00:00,1.588700,61.3700,38.6300
2026-05-29 18:00:00,1.588700,61.3700,38.6300
2026-05-29 19:00:00,1.575300,61.1700,38.8300
2026-05-29 20:00:00,1.602800,61.5800,38.4200
2026-05-29 21:00:00,1.604200,61.6000,38.4000
2026-05-29 22:00:00,1.611600,61.7100,38.2900
2026-05-29 23:00:00,1.589300,61.3800,38.6200
2026-05-30 00:00:00,1.596100,61.4800,38.5200
2026-05-30 01:00:00,1.600800,61.5500,38.4500
2026-05-30 02:00:00,1.593400,61.4400,38.5600
2026-05-30 03:00:00,1.598100,61.5100,38.4900
2026-05-30 04:00:00,1.600100,61.5400,38.4600
2026-05-30 05:00:00,1.590000,61.3900,38.6100
2026-05-30 06:00:00,1.623300,61.8800,38.1200
2026-05-30 07:00:00,1.624000,61.8900,38.1100
2026-05-30 08:00:00,1.637100,62.0800,37.9200
2026-05-30 09:00:00,1.629500,61.9700,38.0300
2026-05-30 10:00:00,1.638500,62.1000,37.9000
2026-05-30 11:00:00,1.664500,62.4700,37.5300
2026-05-30 12:00:00,1.655300,62.3400,37.6600
2026-05-30 13:00:00,1.655300,62.3400,37.6600
2026-05-30 14:00:00,1.661000,62.4200,37.5800
2026-05-30 15:00:00,1.656000,62.3500,37.6500
2026-05-30 16:00:00,1.667400,62.5100,37.4900
2026-05-30 17:00:00,1.666700,62.5000,37.5000
2026-05-30 18:00:00,1.706400,63.0500,36.9500
2026-05-30 19:00:00,1.695400,62.9000,37.1000
2026-05-30 20:00:00,1.716700,63.1900,36.8100
2026-05-30 21:00:00,1.720300,63.2400,36.7600
2026-05-30 22:00:00,1.734500,63.4300,36.5700
2026-05-30 23:00:00,1.736700,63.4600,36.5400
2026-05-31 00:00:00,1.715200,63.1700,36.8300
2026-05-31 01:00:00,1.712200,63.1300,36.8700
2026-05-31 02:00:00,1.733700,63.4200,36.5800
2026-05-31 03:00:00,1.757100,63.7300,36.2700
2026-05-31 04:00:00,1.747300,63.6000,36.4000
2026-05-31 05:00:00,1.766300,63.8500,36.1500
2026-05-31 06:00:00,1.760900,63.7800,36.2200
2026-05-31 07:00:00,1.766300,63.8500,36.1500
2026-05-31 08:00:00,1.743500,63.5500,36.4500
2026-05-31 09:00:00,1.762400,63.8000,36.2000
2026-05-31 10:00:00,1.764700,63.8300,36.1700
2026-05-31 11:00:00,1.768500,63.8800,36.1200
2026-05-31 12:00:00,1.771600,63.9200,36.0800
2026-05-31 13:00:00,1.821700,64.5600,35.4400
2026-05-31 14:00:00,1.840100,64.7900,35.2100
2026-05-31 15:00:00,1.839300,64.7800,35.2200
2026-05-31 16:00:00,1.806600,64.3700,35.6300
2026-05-31 17:00:00,1.821700,64.5600,35.4400
2026-05-31 18:00:00,1.828100,64.6400,35.3600
2026-05-31 19:00:00,1.824100,64.5900,35.4100
2026-05-31 20:00:00,1.811400,64.4300,35.5700
2026-05-31 21:00:00,1.812900,64.4500,35.5500
2026-05-31 22:00:00,1.830500,64.6700,35.3300
2026-05-31 23:00:00,1.815300,64.4800,35.5200
2026-06-01 00:00:00,1.835300,64.7300,35.2700
2026-06-01 01:00:00,1.828900,64.6500,35.3500
2026-06-01 02:00:00,1.838500,64.7700,35.2300
2026-06-01 03:00:00,1.842500,64.8200,35.1800
2026-06-01 04:00:00,1.859600,65.0300,34.9700
2026-06-01 05:00:00,1.847400,64.8800,35.1200
2026-06-01 06:00:00,1.874400,65.2100,34.7900
2026-06-01 07:00:00,1.876000,65.2300,34.7700
2026-06-01 08:00:00,1.861200,65.0500,34.9500
2026-06-01 09:00:00,1.860400,65.0400,34.9600
2026-06-01 10:00:00,1.872700,65.1900,34.8100
2026-06-01 11:00:00,1.949900,66.1000,33.9000
2026-06-01 12:00:00,1.974400,66.3800,33.6200
2026-06-01 13:00:00,1.973500,66.3700,33.6300
2026-06-01 14:00:00,1.945500,66.0500,33.9500
2026-06-01 15:00:00,1.923100,65.7900,34.2100
2026-06-01 16:00:00,1.956000,66.1700,33.8300
2026-06-01 17:00:00,1.942000,66.0100,33.9900
2026-06-01 18:00:00,1.965600,66.2800,33.7200
2026-06-01 19:00:00,1.944600,66.0400,33.9600
2026-06-01 20:00:00,1.942000,66.0100,33.9900
2026-06-01 21:00:00,1.946400,66.0600,33.9400
2026-06-01 22:00:00,1.959500,66.2100,33.7900
2026-06-01 23:00:00,1.947200,66.0700,33.9300
2026-06-02 00:00:00,1.966500,66.2900,33.7100
2026-06-02 01:00:00,1.978900,66.4300,33.5700
2026-06-02 02:00:00,1.964700,66.2700,33.7300
2026-06-02 03:00:00,1.987800,66.5300,33.4700
2026-06-02 04:00:00,2.001200,66.6800,33.3200
2026-06-02 05:00:00,1.996700,66.6300,33.3700
2026-06-02 06:00:00,2.003000,66.7000,33.3000
2026-06-02 07:00:00,1.971800,66.3500,33.6500
2026-06-02 08:00:00,1.956800,66.1800,33.8200
2026-06-02 09:00:00,1.966500,66.2900,33.7100
2026-06-02 10:00:00,1.944600,66.0400,33.9600
2026-06-02 11:00:00,1.924800,65.8100,34.1900
2026-06-02 12:00:00,1.918900,65.7400,34.2600
2026-06-02 13:00:00,1.892700,65.4300,34.5700
2026-06-02 14:00:00,1.905300,65.5800,34.4200
2026-06-02 15:00:00,1.883500,65.3200,34.6800
2026-06-02 16:00:00,1.884300,65.3300,34.6700
2026-06-02 17:00:00,1.897700,65.4900,34.5100
2026-06-02 18:00:00,1.890200,65.4000,34.6000
2026-06-02 19:00:00,1.919700,65.7500,34.2500
2026-06-02 20:00:00,1.918000,65.7300,34.2700
2026-06-02 21:00:00,1.860400,65.0400,34.9600
2026-06-02 22:00:00,1.889300,65.3900,34.6100
2026-06-02 23:00:00,1.876900,65.2400,34.7600
2026-06-03 00:00:00,1.895200,65.4600,34.5400
2026-06-03 01:00:00,1.878500,65.2600,34.7400
2026-06-03 02:00:00,1.890200,65.4000,34.6000
2026-06-03 03:00:00,1.891000,65.4100,34.5900
2026-06-03 04:00:00,1.910400,65.6400,34.3600
2026-06-03 05:00:00,1.878500,65.2600,34.7400
2026-06-03 06:00:00,1.921400,65.7700,34.2300
2026-06-03 07:00:00,1.936900,65.9500,34.0500
2026-06-03 08:00:00,1.937700,65.9600,34.0400
2026-06-03 09:00:00,1.925700,65.8200,34.1800
2026-06-03 10:00:00,1.941200,66.0000,34.0000
2026-06-03 11:00:00,1.928300,65.8500,34.1500
2026-06-03 12:00:00,1.947200,66.0700,33.9300
2026-06-03 13:00:00,1.955100,66.1600,33.8400
2026-06-03 14:00:00,1.966500,66.2900,33.7100
2026-06-03 15:00:00,1.958600,66.2000,33.8000
2026-06-03 16:00:00,1.942000,66.0100,33.9900
2026-06-03 17:00:00,1.939400,65.9800,34.0200
2026-06-03 18:00:00,1.953300,66.1400,33.8600
2026-06-03 19:00:00,1.952500,66.1300,33.8700
2026-06-03 20:00:00,1.939400,65.9800,34.0200
2026-06-03 21:00:00,1.955100,66.1600,33.8400
2026-06-03 22:00:00,1.948100,66.0800,33.9200
2026-06-03 23:00:00,1.953300,66.1400,33.8600
2026-06-04 00:00:00,1.969100,66.3200,33.6800
2026-06-04 01:00:00,2.080700,67.5400,32.4600
2026-06-04 02:00:00,2.060000,67.3200,32.6800
2026-06-04 03:00:00,2.140700,68.1600,31.8400
2026-06-04 04:00:00,2.024800,66.9400,33.0600
2026-06-04 05:00:00,2.042300,67.1300,32.8700
2026-06-04 06:00:00,2.050600,67.2200,32.7800
2026-06-04 07:00:00,2.042300,67.1300,32.8700
2026-06-04 08:00:00,2.017500,66.8600,33.1400
2026-06-04 09:00:00,2.025700,66.9500,33.0500
2026-06-04 10:00:00,1.985100,66.5000,33.5000
2026-06-04 11:00:00,1.997600,66.6400,33.3600
2026-06-04 12:00:00,1.999400,66.6600,33.3400
2026-06-04 13:00:00,1.994900,66.6100,33.3900
2026-06-04 14:00:00,1.952500,66.1300,33.8700
2026-06-04 15:00:00,1.921400,65.7700,34.2300
2026-06-04 16:00:00,1.930800,65.8800,34.1200
2026-06-04 17:00:00,1.983300,66.4800,33.5200
2026-06-04 18:00:00,1.995800,66.6200,33.3800
2026-06-04 19:00:00,1.964700,66.2700,33.7300
2026-06-04 20:00:00,1.987800,66.5300,33.4700
2026-06-04 21:00:00,1.986900,66.5200,33.4800
2026-06-04 22:00:00,1.993100,66.5900,33.4100
2026-06-04 23:00:00,1.986900,66.5200,33.4800
2026-06-05 00:00:00,1.990400,66.5600,33.4400
2026-06-05 01:00:00,2.047900,67.1900,32.8100
2026-06-05 02:00:00,2.068400,67.4100,32.5900
2026-06-05 03:00:00,2.045100,67.1600,32.8400
2026-06-05 04:00:00,2.038600,67.0900,32.9100
2026-06-05 05:00:00,2.011100,66.7900,33.2100
2026-06-05 06:00:00,2.008400,66.7600,33.2400
2026-06-05 07:00:00,2.015700,66.8400,33.1600
2026-06-05 08:00:00,2.013900,66.8200,33.1800
2026-06-05 09:00:00,1.995800,66.6200,33.3800
2026-06-05 10:00:00,2.047900,67.1900,32.8100
2026-06-05 11:00:00,2.064700,67.3700,32.6300
2026-06-05 12:00:00,2.043200,67.1400,32.8600
2026-06-05 13:00:00,2.051600,67.2300,32.7700
2026-06-05 14:00:00,2.017500,66.8600,33.1400
2026-06-05 15:00:00,2.011100,66.7900,33.2100
2026-06-05 16:00:00,2.001200,66.6800,33.3200
2026-06-05 17:00:00,2.034000,67.0400,32.9600
2026-06-05 18:00:00,2.017500,66.8600,33.1400
2026-06-05 19:00:00,2.040400,67.1100,32.8900
2026-06-05 20:00:00,2.028500,66.9800,33.0200
2026-06-05 21:00:00,2.076900,67.5000,32.5000
2026-06-05 22:00:00,2.092100,67.6600,32.3400
2026-06-05 23:00:00,2.071300,67.4400,32.5600
2026-06-06 00:00:00,2.094100,67.6800,32.3200
2026-06-06 01:00:00,2.092100,67.6600,32.3400
2026-06-06 02:00:00,2.112400,67.8700,32.1300
2026-06-06 03:00:00,2.097900,67.7200,32.2800
2026-06-06 04:00:00,2.082600,67.5600,32.4400
2026-06-06 05:00:00,2.070300,67.4300,32.5700
2026-06-06 06:00:00,2.030300,67.0000,33.0000
2026-06-06 07:00:00,1.947200,66.0700,33.9300
2026-06-06 08:00:00,1.966500,66.2900,33.7100
2026-06-06 09:00:00,1.994900,66.6100,33.3900
2026-06-06 10:00:00,1.992200,66.5800,33.4200
2026-06-06 11:00:00,1.978000,66.4200,33.5800
2026-06-06 12:00:00,1.984200,66.4900,33.5100
2026-06-06 13:00:00,1.981500,66.4600,33.5400
2026-06-06 14:00:00,1.994900,66.6100,33.3900
2026-06-06 15:00:00,2.012000,66.8000,33.2000
2026-06-06 16:00:00,1.993100,66.5900,33.4100
2026-06-06 17:00:00,2.005700,66.7300,33.2700
2026-06-06 18:00:00,2.016600,66.8500,33.1500
2026-06-06 19:00:00,2.008400,66.7600,33.2400
2026-06-06 20:00:00,1.996700,66.6300,33.3700
2026-06-06 21:00:00,2.000300,66.6700,33.3300
2026-06-06 22:00:00,2.011100,66.7900,33.2100
2026-06-06 23:00:00,2.012000,66.8000,33.2000
2026-06-07 00:00:00,2.012000,66.8000,33.2000
2026-06-07 01:00:00,2.022100,66.9100,33.0900
2026-06-07 02:00:00,2.004800,66.7200,33.2800
2026-06-07 03:00:00,2.008400,66.7600,33.2400
2026-06-07 04:00:00,1.999400,66.6600,33.3400
2026-06-07 05:00:00,2.014800,66.8300,33.1700
2026-06-07 06:00:00,2.022100,66.9100,33.0900
2026-06-07 07:00:00,2.032100,67.0200,32.9800
2026-06-07 08:00:00,2.013900,66.8200,33.1800
2026-06-07 09:00:00,2.014800,66.8300,33.1700
2026-06-07 10:00:00,2.021100,66.9000,33.1000
2026-06-07 11:00:00,2.031200,67.0100,32.9900
2026-06-07 12:00:00,2.045100,67.1600,32.8400
2026-06-07 13:00:00,2.053400,67.2500,32.7500
2026-06-07 14:00:00,2.075000,67.4800,32.5200
2026-06-07 15:00:00,2.064700,67.3700,32.6300
2026-06-07 16:00:00,2.043200,67.1400,32.8600
2026-06-07 17:00:00,2.121100,67.9600,32.0400
2026-06-07 18:00:00,2.113300,67.8800,32.1200
2026-06-07 19:00:00,2.097900,67.7200,32.2800
2026-06-07 20:00:00,2.108500,67.8300,32.1700
2026-06-07 21:00:00,2.120100,67.9500,32.0500
2026-06-07 22:00:00,2.113300,67.8800,32.1200
2026-06-07 23:00:00,2.097900,67.7200,32.2800
2026-06-08 00:00:00,2.096900,67.7100,32.2900
2026-06-08 01:00:00,2.112400,67.8700,32.1300
2026-06-08 02:00:00,2.111400,67.8600,32.1400
2026-06-08 03:00:00,2.096000,67.7000,32.3000
2026-06-08 04:00:00,2.125000,68.0000,32.0000
2026-06-08 05:00:00,2.113300,67.8800,32.1200
2026-06-08 06:00:00,2.106600,67.8100,32.1900
2026-06-08 07:00:00,2.120100,67.9500,32.0500
2026-06-08 08:00:00,2.133800,68.0900,31.9100
2026-06-08 09:00:00,2.090200,67.6400,32.3600
2026-06-08 10:00:00,2.089300,67.6300,32.3700
2026-06-08 11:00:00,2.096900,67.7100,32.2900
2026-06-08 12:00:00,2.104600,67.7900,32.2100
2026-06-08 13:00:00,2.127000,68.0200,31.9800
2026-06-08 14:00:00,2.128900,68.0400,31.9600
2026-06-08 15:00:00,2.118200,67.9300,32.0700
2026-06-08 16:00:00,2.115300,67.9000,32.1000
2026-06-08 17:00:00,2.124000,67.9900,32.0100
2026-06-08 18:00:00,2.164600,68.4000,31.6000
2026-06-08 19:00:00,2.155600,68.3100,31.6900
2026-06-08 20:00:00,2.164600,68.4000,31.6000
2026-06-08 21:00:00,2.144700,68.2000,31.8000
2026-06-08 22:00:00,2.087400,67.6100,32.3900
2026-06-08 23:00:00,2.058100,67.3000,32.7000
2026-06-09 00:00:00,2.119200,67.9400,32.0600
2026-06-09 01:00:00,2.108500,67.8300,32.1700
2026-06-09 02:00:00,2.114300,67.8900,32.1100
2026-06-09 03:00:00,2.111400,67.8600,32.1400
2026-06-09 04:00:00,2.109500,67.8400,32.1600
2026-06-09 05:00:00,2.104600,67.7900,32.2100
2026-06-09 06:00:00,2.124000,67.9900,32.0100
2026-06-09 07:00:00,2.140700,68.1600,31.8400
2026-06-09 08:00:00,2.153600,68.2900,31.7100
2026-06-09 09:00:00,2.166600,68.4200,31.5800
2026-06-09 10:00:00,2.158600,68.3400,31.6600
2026-06-09 11:00:00,2.149600,68.2500,31.7500
2026-06-09 12:00:00,2.181700,68.5700,31.4300
2026-06-09 13:00:00,2.211300,68.8600,31.1400
2026-06-09 14:00:00,2.201000,68.7600,31.2400
2026-06-09 15:00:00,2.184700,68.6000,31.4000
2026-06-09 16:00:00,2.152600,68.2800,31.7200
2026-06-09 17:00:00,2.140700,68.1600,31.8400
2026-06-09 18:00:00,2.189800,68.6500,31.3500
2026-06-09 19:00:00,2.219600,68.9400,31.0600
2026-06-09 20:00:00,2.200000,68.7500,31.2500
2026-06-09 21:00:00,2.190800,68.6600,31.3400
2026-06-09 22:00:00,2.179700,68.5500,31.4500
2026-06-09 23:00:00,2.168600,68.4400,31.5600
2026-06-10 00:00:00,2.166600,68.4200,31.5800
2026-06-10 01:00:00,2.175600,68.5100,31.4900
2026-06-10 02:00:00,2.177600,68.5300,31.4700
2026-06-10 03:00:00,2.159600,68.3500,31.6500
2026-06-10 04:00:00,2.184700,68.6000,31.4000
2026-06-10 05:00:00,2.211300,68.8600,31.1400
2026-06-10 06:00:00,2.212300,68.8700,31.1300
2026-06-10 07:00:00,2.192800,68.6800,31.3200
2026-06-10 08:00:00,2.178600,68.5400,31.4600
2026-06-10 09:00:00,2.185700,68.6100,31.3900
2026-06-10 10:00:00,2.163600,68.3900,31.6100
2026-06-10 11:00:00,2.177600,68.5300,31.4700
2026-06-10 12:00:00,2.192800,68.6800,31.3200
2026-06-10 13:00:00,2.175600,68.5100,31.4900
2026-06-10 14:00:00,2.203100,68.7800,31.2200
2026-06-10 15:00:00,2.231000,69.0500,30.9500
2026-06-10 16:00:00,2.209200,68.8400,31.1600
2026-06-10 17:00:00,2.216500,68.9100,31.0900
2026-06-10 18:00:00,2.228900,69.0300,30.9700
2026-06-10 19:00:00,2.237300,69.1100,30.8900
2026-06-10 20:00:00,2.241500,69.1500,30.8500
2026-06-10 21:00:00,2.209200,68.8400,31.1600
2026-06-10 22:00:00,2.273300,69.4500,30.5500
2026-06-10 23:00:00,2.255200,69.2800,30.7200
2026-06-11 00:00:00,2.264800,69.3700,30.6300
2026-06-11 01:00:00,2.275500,69.4700,30.5300
2026-06-11 02:00:00,2.321200,69.8900,30.1100
2026-06-11 03:00:00,2.342200,70.0800,29.9200
2026-06-11 04:00:00,2.328900,69.9600,30.0400
2026-06-11 05:00:00,2.320100,69.8800,30.1200
2026-06-11 06:00:00,2.353500,70.1800,29.8200
2026-06-11 07:00:00,2.351200,70.1600,29.8400
2026-06-11 08:00:00,2.340000,70.0600,29.9400
2026-06-11 09:00:00,2.352300,70.1700,29.8300
2026-06-11 10:00:00,2.331100,69.9800,30.0200
2026-06-11 11:00:00,2.321200,69.8900,30.1100
2026-06-11 12:00:00,2.324500,69.9200,30.0800
2026-06-11 13:00:00,2.319000,69.8700,30.1300
2026-06-11 14:00:00,2.331100,69.9800,30.0200
2026-06-11 15:00:00,2.324500,69.9200,30.0800
2026-06-11 16:00:00,2.312400,69.8100,30.1900
2026-06-11 17:00:00,2.308000,69.7700,30.2300
2026-06-11 18:00:00,2.335600,70.0200,29.9800
2026-06-11 19:00:00,2.321200,69.8900,30.1100
2026-06-11 20:00:00,2.232100,69.0600,30.9400
2026-06-11 21:00:00,2.235200,69.0900,30.9100
2026-06-11 22:00:00,2.232100,69.0600,30.9400
2026-06-11 23:00:00,2.219600,68.9400,31.0600
2026-06-12 00:00:00,2.218500,68.9300,31.0700
2026-06-12 01:00:00,2.210300,68.8500,31.1500
2026-06-12 02:00:00,2.210300,68.8500,31.1500
2026-06-12 03:00:00,2.205100,68.8000,31.2000
2026-06-12 04:00:00,2.219600,68.9400,31.0600
2026-06-12 05:00:00,2.236200,69.1000,30.9000
2026-06-12 06:00:00,2.254100,69.2700,30.7300
2026-06-12 07:00:00,2.243600,69.1700,30.8300
2026-06-12 08:00:00,2.253100,69.2600,30.7400
2026-06-12 09:00:00,2.286200,69.5700,30.4300
2026-06-12 10:00:00,2.320100,69.8800,30.1200
2026-06-12 11:00:00,2.312400,69.8100,30.1900
2026-06-12 12:00:00,2.303600,69.7300,30.2700
2026-06-12 13:00:00,2.285200,69.5600,30.4400
2026-06-12 14:00:00,2.279800,69.5100,30.4900
2026-06-12 15:00:00,2.276500,69.4800,30.5200
2026-06-12 16:00:00,2.234200,69.0800,30.9200
2026-06-12 17:00:00,2.239400,69.1300,30.8700
2026-06-12 18:00:00,2.233100,69.0700,30.9300
2026-06-12 19:00:00,2.243600,69.1700,30.8300
2026-06-12 20:00:00,2.248900,69.2200,30.7800
2026-06-12 21:00:00,2.207200,68.8200,31.1800
2026-06-12 22:00:00,2.202000,68.7700,31.2300
2026-06-12 23:00:00,2.211300,68.8600,31.1400
2026-06-13 00:00:00,2.231000,69.0500,30.9500
2026-06-13 01:00:00,2.231000,69.0500,30.9500
2026-06-13 02:00:00,2.203100,68.7800,31.2200
2026-06-13 03:00:00,2.210300,68.8500,31.1500
2026-06-13 04:00:00,2.232100,69.0600,30.9400
2026-06-13 05:00:00,2.246800,69.2000,30.8000
2026-06-13 06:00:00,2.234200,69.0800,30.9200
2026-06-13 07:00:00,2.214400,68.8900,31.1100
2026-06-13 08:00:00,2.227900,69.0200,30.9800
2026-06-13 09:00:00,2.228900,69.0300,30.9700
2026-06-13 10:00:00,2.237300,69.1100,30.8900
2026-06-13 11:00:00,2.230000,69.0400,30.9600
2026-06-13 12:00:00,2.275500,69.4700,30.5300
2026-06-13 13:00:00,2.325600,69.9300,30.0700
2026-06-13 14:00:00,2.328900,69.9600,30.0400
2026-06-13 15:00:00,2.306900,69.7600,30.2400
2026-06-13 16:00:00,2.317900,69.8600,30.1400
2026-06-13 17:00:00,2.321200,69.8900,30.1100
2026-06-13 18:00:00,2.330000,69.9700,30.0300
2026-06-13 19:00:00,2.334400,70.0100,29.9900
2026-06-13 20:00:00,2.353500,70.1800,29.8200
2026-06-13 21:00:00,2.344500,70.1000,29.9000
2026-06-13 22:00:00,2.331100,69.9800,30.0200
2026-06-13 23:00:00,2.330000,69.9700,30.0300
2026-06-14 00:00:00,2.347800,70.1300,29.8700
2026-06-14 01:00:00,2.322300,69.9000,30.1000
2026-06-14 02:00:00,2.305800,69.7500,30.2500
2026-06-14 03:00:00,2.315600,69.8400,30.1600
2026-06-14 04:00:00,2.310200,69.7900,30.2100
2026-06-14 05:00:00,2.319000,69.8700,30.1300
2026-06-14 06:00:00,2.311300,69.8000,30.2000
2026-06-14 07:00:00,2.320100,69.8800,30.1200
2026-06-14 08:00:00,2.344500,70.1000,29.9000
2026-06-14 09:00:00,2.350100,70.1500,29.8500
2026-06-14 10:00:00,2.391000,70.5100,29.4900
2026-06-14 11:00:00,2.402500,70.6100,29.3900
2026-06-14 12:00:00,2.369300,70.3200,29.6800
2026-06-14 13:00:00,2.361300,70.2500,29.7500
2026-06-14 14:00:00,2.389800,70.5000,29.5000
2026-06-14 15:00:00,2.394400,70.5400,29.4600
2026-06-14 16:00:00,2.408300,70.6600,29.3400
2026-06-14 17:00:00,2.379500,70.4100,29.5900
2026-06-14 18:00:00,2.378400,70.4000,29.6000
2026-06-14 19:00:00,2.369300,70.3200,29.6800
2026-06-14 20:00:00,2.377200,70.3900,29.6100
2026-06-14 21:00:00,2.372700,70.3500,29.6500
2026-06-14 22:00:00,2.349000,70.1400,29.8600
2026-06-14 23:00:00,2.346700,70.1200,29.8800
2026-06-15 00:00:00,2.350100,70.1500,29.8500
2026-06-15 01:00:00,2.333300,70.0000,30.0000
2026-06-15 02:00:00,2.332200,69.9900,30.0100
2026-06-15 03:00:00,2.314600,69.8300,30.1700
2026-06-15 04:00:00,2.285200,69.5600,30.4400
2026-06-15 05:00:00,2.303600,69.7300,30.2700
2026-06-15 06:00:00,2.298200,69.6800,30.3200
2026-06-15 07:00:00,2.302500,69.7200,30.2800
2026-06-15 08:00:00,2.341100,70.0700,29.9300
2026-06-15 09:00:00,2.323400,69.9100,30.0900
2026-06-15 10:00:00,2.315600,69.8400,30.1600
2026-06-15 11:00:00,2.363600,70.2700,29.7300
2026-06-15 12:00:00,2.347800,70.1300,29.8700
2026-06-15 13:00:00,2.455400,71.0600,28.9400
2026-06-15 14:00:00,2.454200,71.0500,28.9500
2026-06-15 15:00:00,2.437600,70.9100,29.0900
2026-06-15 16:00:00,2.410600,70.6800,29.3200
2026-06-15 17:00:00,2.400200,70.5900,29.4100
2026-06-15 18:00:00,2.369300,70.3200,29.6800
2026-06-15 19:00:00,2.375000,70.3700,29.6300
2026-06-15 20:00:00,2.353500,70.1800,29.8200
2026-06-15 21:00:00,2.342200,70.0800,29.9200
2026-06-15 22:00:00,2.292700,69.6300,30.3700
2026-06-15 23:00:00,2.311300,69.8000,30.2000
2026-06-16 00:00:00,2.312400,69.8100,30.1900
2026-06-16 01:00:00,2.297100,69.6700,30.3300
2026-06-16 02:00:00,2.300300,69.7000,30.3000
2026-06-16 03:00:00,2.288400,69.5900,30.4100
2026-06-16 04:00:00,2.299200,69.6900,30.3100
2026-06-16 05:00:00,2.276500,69.4800,30.5200
2026-06-16 06:00:00,2.262600,69.3500,30.6500
2026-06-16 07:00:00,2.287300,69.5800,30.4200
2026-06-16 08:00:00,2.291600,69.6200,30.3800
2026-06-16 09:00:00,2.285200,69.5600,30.4400
2026-06-16 10:00:00,2.302500,69.7200,30.2800
2026-06-16 11:00:00,2.304700,69.7400,30.2600
2026-06-16 12:00:00,2.301400,69.7100,30.2900
2026-06-16 13:00:00,2.312400,69.8100,30.1900
2026-06-16 14:00:00,2.278700,69.5000,30.5000
2026-06-16 15:00:00,2.310200,69.7900,30.2100
2026-06-16 16:00:00,2.332200,69.9900,30.0100
2026-06-16 17:00:00,2.334400,70.0100,29.9900
2026-06-16 18:00:00,2.337800,70.0400,29.9600
2026-06-16 19:00:00,2.343400,70.0900,29.9100
2026-06-16 20:00:00,2.327800,69.9500,30.0500
2026-06-16 21:00:00,2.326700,69.9400,30.0600
2026-06-16 22:00:00,2.338900,70.0500,29.9500
2026-06-16 23:00:00,2.335600,70.0200,29.9800
2026-06-17 00:00:00,2.324500,69.9200,30.0800
2026-06-17 01:00:00,2.317900,69.8600,30.1400
2026-06-17 02:00:00,2.310200,69.7900,30.2100
2026-06-17 03:00:00,2.302500,69.7200,30.2800
2026-06-17 04:00:00,2.322300,69.9000,30.1000
2026-06-17 05:00:00,2.344500,70.1000,29.9000
2026-06-17 06:00:00,2.338900,70.0500,29.9500
2026-06-17 07:00:00,2.356800,70.2100,29.7900
2026-06-17 08:00:00,2.351200,70.1600,29.8400
2026-06-17 09:00:00,2.377200,70.3900,29.6100
2026-06-17 10:00:00,2.422300,70.7800,29.2200
2026-06-17 11:00:00,2.429400,70.8400,29.1600
2026-06-17 12:00:00,2.389800,70.5000,29.5000
2026-06-17 13:00:00,2.363600,70.2700,29.7300
2026-06-17 14:00:00,2.298200,69.6800,30.3200
2026-06-17 15:00:00,2.311300,69.8000,30.2000
2026-06-17 16:00:00,2.290600,69.6100,30.3900
2026-06-17 17:00:00,2.274400,69.4600,30.5400
2026-06-17 18:00:00,2.321200,69.8900,30.1100
2026-06-17 19:00:00,2.327800,69.9500,30.0500
2026-06-17 20:00:00,2.344500,70.1000,29.9000
2026-06-17 21:00:00,2.408300,70.6600,29.3400
2026-06-17 22:00:00,2.394400,70.5400,29.4600
2026-06-17 23:00:00,2.385200,70.4600,29.5400
2026-06-18 00:00:00,2.442300,70.9500,29.0500
2026-06-18 01:00:00,2.421100,70.7700,29.2300
2026-06-18 02:00:00,2.417600,70.7400,29.2600
2026-06-18 03:00:00,2.425800,70.8100,29.1900
2026-06-18 04:00:00,2.395600,70.5500,29.4500
2026-06-18 05:00:00,2.423500,70.7900,29.2100
2026-06-18 06:00:00,2.432900,70.8700,29.1300
2026-06-18 07:00:00,2.516200,71.5600,28.4400
2026-06-18 08:00:00,2.490400,71.3500,28.6500
2026-06-18 09:00:00,2.481900,71.2800,28.7200
2026-06-18 10:00:00,2.469800,71.1800,28.8200
2026-06-18 11:00:00,2.488000,71.3300,28.6700
2026-06-18 12:00:00,2.450700,71.0200,28.9800
2026-06-18 13:00:00,2.465000,71.1400,28.8600
2026-06-18 14:00:00,2.443500,70.9600,29.0400
2026-06-18 15:00:00,2.425800,70.8100,29.1900
2026-06-18 16:00:00,2.431700,70.8600,29.1400
2026-06-18 17:00:00,2.395600,70.5500,29.4500
2026-06-18 18:00:00,2.380700,70.4200,29.5800
2026-06-18 19:00:00,2.352300,70.1700,29.8300
2026-06-18 20:00:00,2.315600,69.8400,30.1600
2026-06-18 21:00:00,2.313500,69.8200,30.1800
2026-06-18 22:00:00,2.312400,69.8100,30.1900
2026-06-18 23:00:00,2.302500,69.7200,30.2800
2026-06-19 00:00:00,2.304700,69.7400,30.2600
2026-06-19 01:00:00,2.289500,69.6000,30.4000
2026-06-19 02:00:00,2.312400,69.8100,30.1900
2026-06-19 03:00:00,2.316700,69.8500,30.1500
2026-06-19 04:00:00,2.277600,69.4900,30.5100
2026-06-19 05:00:00,2.297100,69.6700,30.3300
2026-06-19 06:00:00,2.312400,69.8100,30.1900
2026-06-19 07:00:00,2.342200,70.0800,29.9200
2026-06-19 08:00:00,2.370400,70.3300,29.6700
2026-06-19 09:00:00,2.312400,69.8100,30.1900
2026-06-19 10:00:00,2.331100,69.9800,30.0200
2026-06-19 11:00:00,2.343400,70.0900,29.9100
2026-06-19 12:00:00,2.290600,69.6100,30.3900
2026-06-19 13:00:00,2.292700,69.6300,30.3700
2026-06-19 14:00:00,2.280800,69.5200,30.4800
2026-06-19 15:00:00,2.289500,69.6000,30.4000
2026-06-19 16:00:00,2.279800,69.5100,30.4900
2026-06-19 17:00:00,2.297100,69.6700,30.3300
2026-06-19 18:00:00,2.300300,69.7000,30.3000
2026-06-19 19:00:00,2.291600,69.6200,30.3800
2026-06-19 20:00:00,2.292700,69.6300,30.3700
2026-06-19 21:00:00,2.286200,69.5700,30.4300
2026-06-19 22:00:00,2.309100,69.7800,30.2200
2026-06-19 23:00:00,2.270100,69.4200,30.5800
2026-06-20 00:00:00,2.302500,69.7200,30.2800
2026-06-20 01:00:00,2.308000,69.7700,30.2300
2026-06-20 02:00:00,2.335600,70.0200,29.9800
2026-06-20 03:00:00,2.310200,69.7900,30.2100
2026-06-20 04:00:00,2.298200,69.6800,30.3200
2026-06-20 05:00:00,2.291600,69.6200,30.3800
2026-06-20 06:00:00,2.299200,69.6900,30.3100
2026-06-20 07:00:00,2.312400,69.8100,30.1900
2026-06-20 08:00:00,2.298200,69.6800,30.3200
2026-06-20 09:00:00,2.280800,69.5200,30.4800
2026-06-20 10:00:00,2.296000,69.6600,30.3400
2026-06-20 11:00:00,2.305800,69.7500,30.2500
2026-06-20 12:00:00,2.343400,70.0900,29.9100
2026-06-20 13:00:00,2.356800,70.2100,29.7900
2026-06-20 14:00:00,2.396700,70.5600,29.4400
2026-06-20 15:00:00,2.404800,70.6300,29.3700
2026-06-20 16:00:00,2.415300,70.7200,29.2800
2026-06-20 17:00:00,2.449500,71.0100,28.9900
2026-06-20 18:00:00,2.480700,71.2700,28.7300
2026-06-20 19:00:00,2.489200,71.3400,28.6600
2026-06-20 20:00:00,2.455400,71.0600,28.9400
2026-06-20 21:00:00,2.465000,71.1400,28.8600
2026-06-20 22:00:00,2.459000,71.0900,28.9100
2026-06-20 23:00:00,2.461400,71.1100,28.8900
2026-06-21 00:00:00,2.456600,71.0700,28.9300
2026-06-21 01:00:00,2.443500,70.9600,29.0400
2026-06-21 02:00:00,2.414100,70.7100,29.2900
2026-06-21 03:00:00,2.428200,70.8300,29.1700
2026-06-21 04:00:00,2.438800,70.9200,29.0800
2026-06-21 05:00:00,2.428200,70.8300,29.1700
2026-06-21 06:00:00,2.410600,70.6800,29.3200
2026-06-21 07:00:00,2.406000,70.6400,29.3600
2026-06-21 08:00:00,2.415300,70.7200,29.2800
2026-06-21 09:00:00,2.400200,70.5900,29.4100
2026-06-21 10:00:00,2.425800,70.8100,29.1900
2026-06-21 11:00:00,2.440000,70.9300,29.0700
2026-06-21 12:00:00,2.401400,70.6000,29.4000
2026-06-21 13:00:00,2.391000,70.5100,29.4900
2026-06-21 14:00:00,2.415300,70.7200,29.2800
2026-06-21 15:00:00,2.392100,70.5200,29.4800
2026-06-21 16:00:00,2.379500,70.4100,29.5900
2026-06-21 17:00:00,2.411800,70.6900,29.3100
2026-06-21 18:00:00,2.430500,70.8500,29.1500
2026-06-21 19:00:00,2.417600,70.7400,29.2600
2026-06-21 20:00:00,2.415300,70.7200,29.2800
2026-06-21 21:00:00,2.408300,70.6600,29.3400
2026-06-21 22:00:00,2.459000,71.0900,28.9100
2026-06-21 23:00:00,2.477100,71.2400,28.7600
2026-06-22 00:00:00,2.475800,71.2300,28.7700
2026-06-22 01:00:00,2.473400,71.2100,28.7900
2026-06-22 02:00:00,2.492800,71.3700,28.6300
2026-06-22 03:00:00,2.484300,71.3000,28.7000
2026-06-22 04:00:00,2.494100,71.3800,28.6200
2026-06-22 05:00:00,2.468600,71.1700,28.8300
2026-06-22 06:00:00,2.460200,71.1000,28.9000
2026-06-22 07:00:00,2.451800,71.0300,28.9700
2026-06-22 08:00:00,2.428200,70.8300,29.1700
2026-06-22 09:00:00,2.430500,70.8500,29.1500
2026-06-22 10:00:00,2.444700,70.9700,29.0300
2026-06-22 11:00:00,2.436400,70.9000,29.1000
2026-06-22 12:00:00,2.375000,70.3700,29.6300
2026-06-22 13:00:00,2.386400,70.4700,29.5300
2026-06-22 14:00:00,2.395600,70.5500,29.4500
2026-06-22 15:00:00,2.382900,70.4400,29.5600
2026-06-22 16:00:00,2.425800,70.8100,29.1900
2026-06-22 17:00:00,2.399000,70.5800,29.4200
2026-06-22 18:00:00,2.425800,70.8100,29.1900
2026-06-22 19:00:00,2.421100,70.7700,29.2300
2026-06-22 20:00:00,2.413000,70.7000,29.3000
2026-06-22 21:00:00,2.428200,70.8300,29.1700
2026-06-22 22:00:00,2.436400,70.9000,29.1000
2026-06-22 23:00:00,2.499000,71.4200,28.5800
2026-06-23 00:00:00,2.502600,71.4500,28.5500
2026-06-23 01:00:00,2.512500,71.5300,28.4700
2026-06-23 02:00:00,2.491600,71.3600,28.6400
2026-06-23 03:00:00,2.469800,71.1800,28.8200
2026-06-23 04:00:00,2.463800,71.1300,28.8700
2026-06-23 05:00:00,2.463800,71.1300,28.8700
2026-06-23 06:00:00,2.454200,71.0500,28.9500
2026-06-23 07:00:00,2.448300,71.0000,29.0000
2026-06-23 08:00:00,2.415300,70.7200,29.2800
2026-06-23 09:00:00,2.457800,71.0800,28.9200
2026-06-23 10:00:00,2.463800,71.1300,28.8700
2026-06-23 11:00:00,2.484300,71.3000,28.7000
2026-06-23 12:00:00,2.481900,71.2800,28.7200
2026-06-23 13:00:00,2.451800,71.0300,28.9700
2026-06-23 14:00:00,2.495300,71.3900,28.6100
2026-06-23 15:00:00,2.469800,71.1800,28.8200
2026-06-23 16:00:00,2.479500,71.2600,28.7400
2026-06-23 17:00:00,2.466200,71.1500,28.8500
2026-06-23 18:00:00,2.444700,70.9700,29.0300
2026-06-23 19:00:00,2.443500,70.9600,29.0400
2026-06-23 20:00:00,2.427000,70.8200,29.1800
2026-06-23 21:00:00,2.402500,70.6100,29.3900
2026-06-23 22:00:00,2.378400,70.4000,29.6000
2026-06-23 23:00:00,2.373800,70.3600,29.6400
2026-06-24 00:00:00,2.400200,70.5900,29.4100
2026-06-24 01:00:00,2.394400,70.5400,29.4600
2026-06-24 02:00:00,2.327800,69.9500,30.0500
2026-06-24 03:00:00,2.336700,70.0300,29.9700
2026-06-24 04:00:00,2.309100,69.7800,30.2200
2026-06-24 05:00:00,2.310200,69.7900,30.2100
2026-06-24 06:00:00,2.302500,69.7200,30.2800
2026-06-24 07:00:00,2.283000,69.5400,30.4600
2026-06-24 08:00:00,2.337800,70.0400,29.9600
2026-06-24 09:00:00,2.402500,70.6100,29.3900
2026-06-24 10:00:00,2.344500,70.1000,29.9000
2026-06-24 11:00:00,2.338900,70.0500,29.9500
2026-06-24 12:00:00,2.347800,70.1300,29.8700
2026-06-24 13:00:00,2.386400,70.4700,29.5300
2026-06-24 14:00:00,2.338900,70.0500,29.9500
2026-06-24 15:00:00,2.365900,70.2900,29.7100
2026-06-24 16:00:00,2.296000,69.6600,30.3400
2026-06-24 17:00:00,2.430500,70.8500,29.1500
2026-06-24 18:00:00,2.421100,70.7700,29.2300
2026-06-24 19:00:00,2.417600,70.7400,29.2600
2026-06-24 20:00:00,2.388700,70.4900,29.5100
2026-06-24 21:00:00,2.377200,70.3900,29.6100
2026-06-24 22:00:00,2.377200,70.3900,29.6100
2026-06-24 23:00:00,2.391000,70.5100,29.4900
2026-06-25 00:00:00,2.371500,70.3400,29.6600
2026-06-25 01:00:00,2.420000,70.7600,29.2400
2026-06-25 02:00:00,2.375000,70.3700,29.6300
2026-06-25 03:00:00,2.343400,70.0900,29.9100
2026-06-25 04:00:00,2.356800,70.2100,29.7900
2026-06-25 05:00:00,2.362500,70.2600,29.7400
2026-06-25 06:00:00,2.387500,70.4800,29.5200
2026-06-25 07:00:00,2.365900,70.2900,29.7100
2026-06-25 08:00:00,2.361300,70.2500,29.7500
2026-06-25 09:00:00,2.372700,70.3500,29.6500
2026-06-25 10:00:00,2.385200,70.4600,29.5400
2026-06-25 11:00:00,2.388700,70.4900,29.5100
2026-06-25 12:00:00,2.373800,70.3600,29.6400
2026-06-25 13:00:00,2.377200,70.3900,29.6100
2026-06-25 14:00:00,2.382900,70.4400,29.5600
2026-06-25 15:00:00,2.424700,70.8000,29.2000
2026-06-25 16:00:00,2.486800,71.3200,28.6800
2026-06-25 17:00:00,2.524900,71.6300,28.3700
2026-06-25 18:00:00,2.571400,72.0000,28.0000
2026-06-25 19:00:00,2.592000,72.1600,27.8400
2026-06-25 20:00:00,2.541100,71.7600,28.2400
2026-06-25 21:00:00,2.593200,72.1700,27.8300
2026-06-25 22:00:00,2.589400,72.1400,27.8600
2026-06-25 23:00:00,2.592000,72.1600,27.8400
2026-06-26 00:00:00,2.544800,71.7900,28.2100
2026-06-26 01:00:00,2.565100,71.9500,28.0500
2026-06-26 02:00:00,2.539800,71.7500,28.2500
2026-06-26 03:00:00,2.490400,71.3500,28.6500
2026-06-26 04:00:00,2.502600,71.4500,28.5500
2026-06-26 05:00:00,2.425800,70.8100,29.1900
2026-06-26 06:00:00,2.437600,70.9100,29.0900
2026-06-26 07:00:00,2.453000,71.0400,28.9600
2026-06-26 08:00:00,2.462600,71.1200,28.8800
2026-06-26 09:00:00,2.485500,71.3100,28.6900
2026-06-26 10:00:00,2.479500,71.2600,28.7400
2026-06-26 11:00:00,2.483100,71.2900,28.7100
2026-06-26 12:00:00,2.469800,71.1800,28.8200
2026-06-26 13:00:00,2.471000,71.1900,28.8100
2026-06-26 14:00:00,2.450700,71.0200,28.9800
2026-06-26 15:00:00,2.421100,70.7700,29.2300
2026-06-26 16:00:00,2.410600,70.6800,29.3200
2026-06-26 17:00:00,2.436400,70.9000,29.1000
2026-06-26 18:00:00,2.442300,70.9500,29.0500
2026-06-26 19:00:00,2.435200,70.8900,29.1100
2026-06-26 20:00:00,2.442300,70.9500,29.0500
2026-06-26 21:00:00,2.451800,71.0300,28.9700
2026-06-26 22:00:00,2.469800,71.1800,28.8200
2026-06-26 23:00:00,2.474600,71.2200,28.7800
2026-06-27 00:00:00,2.478300,71.2500,28.7500
2026-06-27 01:00:00,2.488000,71.3300,28.6700
2026-06-27 02:00:00,2.463800,71.1300,28.8700
2026-06-27 03:00:00,2.477100,71.2400,28.7600
2026-06-27 04:00:00,2.459000,71.0900,28.9100
2026-06-27 05:00:00,2.423500,70.7900,29.2100
2026-06-27 06:00:00,2.479500,71.2600,28.7400
2026-06-27 07:00:00,2.463800,71.1300,28.8700
2026-06-27 08:00:00,2.483100,71.2900,28.7100
2026-06-27 09:00:00,2.484300,71.3000,28.7000
2026-06-27 10:00:00,2.435200,70.8900,29.1100
2026-06-27 11:00:00,2.456600,71.0700,28.9300
2026-06-27 12:00:00,2.449500,71.0100,28.9900
2026-06-27 13:00:00,2.428200,70.8300,29.1700
2026-06-27 14:00:00,2.403700,70.6200,29.3800
2026-06-27 15:00:00,2.391000,70.5100,29.4900
2026-06-27 16:00:00,2.388700,70.4900,29.5100
2026-06-27 17:00:00,2.377200,70.3900,29.6100
2026-06-27 18:00:00,2.319300,69.8800,30.1300
2026-06-27 19:00:00,2.313500,69.8200,30.1800
2026-06-27 20:00:00,2.327800,69.9500,30.0500
2026-06-27 21:00:00,2.335600,70.0200,29.9800
2026-06-27 22:00:00,2.306900,69.7600,30.2400
2026-06-27 23:00:00,2.306900,69.7600,30.2400
2026-06-28 00:00:00,2.314600,69.8300,30.1700
2026-06-28 01:00:00,2.281900,69.5300,30.4700
2026-06-28 02:00:00,2.296000,69.6600,30.3400
2026-06-28 03:00:00,2.274400,69.4600,30.5400
2026-06-28 04:00:00,2.309100,69.7800,30.2200
2026-06-28 05:00:00,2.313500,69.8200,30.1800
2026-06-28 06:00:00,2.312400,69.8100,30.1900
2026-06-28 07:00:00,2.330000,69.9700,30.0300
2026-06-28 08:00:00,2.337800,70.0400,29.9600
2026-06-28 09:00:00,2.365900,70.2900,29.7100
2026-06-28 10:00:00,2.359100,70.2300,29.7700
2026-06-28 11:00:00,2.364700,70.2800,29.7200
2026-06-28 12:00:00,2.369300,70.3200,29.6800
2026-06-28 13:00:00,2.346700,70.1200,29.8800
2026-06-28 14:00:00,2.370400,70.3300,29.6700
2026-06-28 15:00:00,2.146600,68.2200,31.7800
2026-06-28 16:00:00,2.034000,67.0400,32.9600
2026-06-28 17:00:00,2.027600,66.9700,33.0300
2026-06-28 18:00:00,1.965600,66.2800,33.7200
2026-06-28 19:00:00,1.893500,65.4400,34.5600
2026-06-28 20:00:00,1.914600,65.6900,34.3100
2026-06-28 21:00:00,1.882700,65.3100,34.6900
2026-06-28 22:00:00,1.872700,65.1900,34.8100
2026-06-28 23:00:00,1.912900,65.6700,34.3300
2026-06-29 00:00:00,1.908700,65.6200,34.3800
2026-06-29 01:00:00,1.906100,65.5900,34.4100
2026-06-29 02:00:00,1.853900,64.9600,35.0400
2026-06-29 03:00:00,1.885200,65.3400,34.6600
2026-06-29 04:00:00,1.873600,65.2000,34.8000
2026-06-29 05:00:00,1.863700,65.0800,34.9200
2026-06-29 06:00:00,1.922300,65.7800,34.2200
2026-06-29 07:00:00,1.945500,66.0500,33.9500
